Country,Year,Completion_Rate,Pupil_Teacher_Ratio,Gov_Expenditure,Internet_Usage
Afghanistan,2016,82.91046142578125,44.58162,4.5439600944519,11.0
Afghanistan,2017,87.25332641601562,47.98298,4.34319019317627,13.5
Albania,2003,109.4277572631836,21.49541,3.03534007072449,0.971900415195857
Albania,2011,100.50096130371094,19.86917,3.17881310743026,47.0
Albania,2012,117.00846862792967,19.48298,3.29533986928598,49.40000153
Albania,2013,91.11920928955078,19.12103,3.53355002403259,51.79999924
Albania,2014,105.69367218017578,18.92294,3.18177734553254,54.29999924
Albania,2015,98.78878784179688,18.61557,3.41300010681152,56.90000153
Albania,2016,99.59735870361328,18.19844,3.91997003555298,59.59999847
Albania,2017,106.44969177246094,17.94478,3.54673004150391,62.40000153
Albania,2018,102.89418029785156,17.57287,3.08201370407389,65.40000153
Algeria,2008,115.88114166259766,23.23052,4.11142015457153,10.18
Algeria,2010,98.13037872314452,23.32803,8.6917709007891,12.5
Algeria,2011,97.84544372558594,23.26903,9.12453448642892,14.89999962
Algeria,2012,99.64437866210938,23.15942,7.02950889772261,18.20000076
Algeria,2013,101.99659729003906,23.26105,6.65906035504841,22.5
Algeria,2014,101.00604248046876,23.66406,6.54889841545277,29.5
Algeria,2015,98.12547302246094,23.83613,6.17633014564047,38.20000076
Algeria,2016,100.48983764648438,24.2355,6.50210843472458,42.94549942
Algeria,2017,102.32061004638672,24.22505,5.73482350888796,47.69110107
Algeria,2018,102.68798828125,24.32018,5.8127512720176,49.0384680793271
Andorra,2002,97.95321655273438,12.67901,1.65971004962921,11.2604687170103
Andorra,2004,100.96286010742188,12.65282,1.54411995410919,26.8379543894637
Andorra,2014,66.27755737304688,9.51991,3.07420992851257,86.09999847
Andorra,2015,66.0949935913086,9.93795,3.28034996986389,87.90000153
Andorra,2016,68.4967269897461,10.06635,3.23707008361816,89.69999695
Andorra,2017,65.81632995605469,10.5,3.21708989143372,91.5674670273926
Andorra,2018,66.70918273925781,10.49757,3.2467200756073,93.5
Angola,2010,42.2859001159668,45.58651,3.42131996154785,2.799999952
Antigua and Barbuda,2009,103.81730651855467,16.22446,2.22264003753662,42.0
Antigua and Barbuda,2014,119.1376724243164,14.2465,2.3044409375638,67.77999878
Antigua and Barbuda,2015,100.38819885253906,14.33428,1.9934755302761,70.0
Antigua and Barbuda,2017,107.80876159667967,12.05576,2.28158315038897,70.54419708
Antigua and Barbuda,2018,104.44444274902344,12.40564,2.26922708436893,70.81790161
Argentina,1996,92.6410675048828,16.73337,3.73198008537292,0.142
Argentina,1998,101.25328826904295,19.92697,4.03986978530884,0.831
Argentina,1999,99.4889907836914,21.77841,4.52167987823486,3.28
Argentina,2000,99.72418212890624,20.05203,4.58030986785889,7.0386830862178
Argentina,2001,99.18640899658205,18.02999,4.833740234375,9.78080728532407
Argentina,2002,101.83541870117188,17.596,4.01734018325806,10.8821243775325
Argentina,2004,97.78363800048828,17.95223,3.48652005195618,16.0366841054923
Argentina,2005,94.82763671875,17.44373,3.86000990867615,17.7205833696065
Argentina,2006,95.84699249267578,17.1849,4.12821006774902,20.9272021035896
Argentina,2007,98.63778686523438,16.36028,4.46260976791382,25.9466329403819
Argentina,2008,102.38662719726562,17.22969,4.84438991546631,28.1126234799907
Armenia,2002,83.74337768554688,20.34332,2.13504004478455,1.9604050458212
Armenia,2003,86.77423095703125,18.8372,2.14505004882812,4.57521722477781
Armenia,2004,100.00592803955078,20.26241,2.48673009872436,4.8990085713054
Armenia,2005,93.46631622314452,21.19732,2.71202993392944,5.252999783
Armenia,2006,92.02571105957033,21.24161,2.71577000617981,5.631800175
Armenia,2007,96.74627685546876,19.3076,3.01893997192383,6.021299839
Armenia,2018,100.23706817626952,15.41859,2.11331180512289,68.2450522610271
Aruba,1999,97.4852066040039,19.23044,4.39526987075806,4.51
Aruba,2000,87.65264892578125,19.05967,4.71468019485474,15.4428229480349
Aruba,2001,94.74835968017578,18.94779,4.79898023605347,17.1
Aruba,2002,98.3309097290039,19.06977,4.87220001220703,18.8
Aruba,2004,94.49727630615234,18.45109,4.35698986053467,23.0
Aruba,2005,93.60269165039062,18.0776,4.62321996688843,25.4
Aruba,2007,102.18728637695312,17.41751,4.70254993438721,30.9
Aruba,2008,97.9946517944336,17.29188,4.82730007171631,52.0
Aruba,2009,102.097900390625,17.08591,5.79739999771118,58.0
Aruba,2010,95.55255889892578,16.82253,6.75109004974365,62.0
Austria,1998,99.59085845947266,12.14873,6.13726997375488,15.4
Austria,1999,99.17276000976562,13.45715,6.13599014282227,23.0
Austria,2002,99.50106811523438,13.26801,5.56255006790161,36.56
Austria,2004,100.96212768554688,13.13389,5.34223985671997,54.28
Austria,2011,100.62183380126952,10.89398,5.62787008285522,78.7399930986888
Austria,2012,96.49848175048828,10.82489,5.51612997055054,80.0299939169903
Austria,2013,98.8614273071289,10.7043,5.59404993057251,80.6188
Austria,2014,97.33966064453124,10.71766,5.49767017364502,80.9958249574764
Austria,2015,99.39652252197266,10.58415,5.49143981933594,83.9401419315026
Austria,2016,97.15097045898438,10.30374,5.50954008102417,84.3237425711653
Austria,2017,98.64917755126952,10.01653,5.40181016921997,87.9355865856062
Azerbaijan,2000,89.51351165771484,18.68574,3.85399007797241,0.147757575623251
Azerbaijan,2001,95.1685791015625,17.12015,3.50342011451721,0.305564637615618
Azerbaijan,2002,97.58601379394533,16.1852,3.15445995330811,4.99971367812957
Azerbaijan,2005,93.4306182861328,13.44831,2.97462010383606,8.030400276
Azerbaijan,2006,91.60543060302734,12.496,2.55552005767822,11.9921999
Azerbaijan,2007,98.13037109375,11.61559,2.5492799282074,14.53999996
Azerbaijan,2008,90.73683166503906,11.29601,2.44092988967896,17.08
Azerbaijan,2009,91.77172088623048,11.08342,3.22430992126465,27.4
Azerbaijan,2010,89.51445007324219,11.04222,2.78062009811401,46.0
Azerbaijan,2011,92.80683135986328,11.16445,2.43564009666443,50.0
Azerbaijan,2012,91.9911880493164,11.92302,2.06763005256653,54.20000076
Azerbaijan,2013,88.08940887451172,12.14857,2.44213008880615,73.000001372
Azerbaijan,2014,98.1257095336914,12.62333,2.63303995132446,75.0000156363396
Azerbaijan,2015,103.28021240234376,13.49787,2.95167994499206,77.0
Azerbaijan,2016,111.30191040039062,15.48619,2.90340995788574,78.2
Azerbaijan,2017,107.17217254638672,15.458,2.4738199710846,79.0
Azerbaijan,2018,100.2199478149414,15.42982,2.45543003082275,79.7999954887896
"Bahamas, The",2010,79.48294067382812,14.1453,2.45165990475209,43.0
"Bahamas, The",2011,86.56002044677734,18.20992,2.35576638581195,65.0
"Bahamas, The",2012,86.3908920288086,20.98103,2.30391197238935,71.74819946
"Bahamas, The",2013,76.95330047607422,17.48197,2.4242884241713,72.0
"Bahamas, The",2014,77.67328643798828,18.1899,2.24714705533939,76.91999817
Bahrain,2011,93.50768280029295,12.1159,2.31235396487985,76.9999665032303
Bahrain,2012,98.19156646728516,11.76839,2.54483008384705,88.0
Bahrain,2013,104.09880828857422,11.85094,2.38286995887756,90.0000397
Bahrain,2014,103.78502655029295,11.66884,2.36918997764587,90.5031334814656
Bahrain,2015,99.37207794189452,11.73164,2.55344009399414,93.4783007986129
Bahrain,2016,100.38671875,12.05837,2.80248290251154,97.9999807024146
Bahrain,2017,99.9090576171875,12.15924,2.21637010574341,95.8781357543453
Bahrain,2018,98.90895080566406,11.92315,2.38893976833662,98.6446725799886
Bangladesh,2008,57.35232162475586,43.72919,2.0545699596405,2.5
Bangladesh,2009,63.27941131591797,45.75844,1.93941998481751,3.099999905
Barbados,1999,99.2492904663086,17.77204,4.34123992919922,2.3800000000000003
Barbados,2000,97.88176727294922,17.56999,4.71585988998413,3.97367835457927
Barbados,2001,103.37966918945312,17.03586,6.05536985397339,11.9364503383984
Barbados,2002,101.1818618774414,15.90347,5.88062000274658,27.836322424146
Barbados,2003,107.43512725830078,15.80411,6.24569988250732,39.6896271159532
Barbados,2004,103.18170166015624,15.76766,6.02428007125854,49.8
Barbados,2005,99.5899429321289,15.14568,5.66965007781982,52.5
Barbados,2007,98.5330810546875,14.54218,5.22061014175415,58.20000076
Barbados,2008,98.0973129272461,13.45642,4.92074012756348,61.40000153
Barbados,2009,97.10688018798828,14.1425,5.11040019989014,64.69999695
Barbados,2010,94.7657699584961,13.00746,6.05261993408203,65.09999847
Barbados,2018,86.7227783203125,13.9917,5.40447825597088,70.72650146
Belarus,1999,98.6606903076172,19.53285,6.00001001358032,0.495
Belarus,2000,103.68269348144533,18.2068,6.19661998748779,1.86039812615388
Belarus,2006,102.09073638916016,16.02405,6.07696008682251,16.2
Belarus,2007,99.6099624633789,15.96701,5.15210008621216,19.7
Belarus,2009,96.99031066894533,15.14091,4.3689398765564,27.43
Belarus,2010,96.133056640625,14.96616,5.22003984451294,31.8
Belarus,2011,98.95630645751952,14.96367,4.68479013442993,39.6488956598961
Belarus,2012,97.60529327392578,14.90909,4.95964002609253,46.91
Belarus,2013,94.8986587524414,15.36216,5.0094199180603,54.17
Belarus,2014,94.2574462890625,16.47603,4.81830978393555,59.0163187101542
Belarus,2015,94.09764099121094,17.57007,4.78751993179321,62.230360906803
Belarus,2016,94.37683868408205,18.33759,4.94654989242554,71.1130457603832
Belarus,2017,95.61382293701172,18.80255,4.79500007629395,74.4364454136036
Belarus,2018,96.756591796875,19.23259,4.83656978607178,79.1298866919307
Belize,1999,96.97071838378906,23.5,4.0349497795105,4.08
Belize,2000,98.55168151855467,23.31494,3.68356990814209,5.96383530272428
Belize,2004,100.15055847167967,23.23186,4.0096697807312,9.8
Belize,2008,97.8954620361328,22.61592,4.29996013641357,26.29999924
Belize,2009,100.75758361816406,22.63613,4.8011999130249,27.20000076
Belize,2010,99.78083801269533,22.24335,5.24251985549927,28.2
Belize,2011,102.77068328857422,21.89921,5.51786910233588,30.70000076
Belize,2012,107.71385192871094,21.56275,5.47351989539787,31.0
Belize,2013,102.87252807617188,22.57321,5.12474012374878,33.59999847
Belize,2014,103.91400146484376,22.39466,5.1395001411438,38.70000076
Belize,2015,105.61421966552734,20.43642,5.35711002349854,41.59000015
Belize,2016,105.7593002319336,20.50666,5.72603988647461,44.57569885
Belize,2017,102.70304870605467,19.58631,5.95071983337402,48.8771019
Belize,2018,104.47447967529295,19.78332,6.12779998779297,53.59360123
Benin,1998,35.95756149291992,52.56747,2.74787998199463,0.0479
Benin,2000,36.32073974609375,52.64958,2.11366009712219,0.225247851473369
Benin,2001,40.33372116088867,53.52288,2.36509990692139,0.363417890016082
Benin,2002,42.29719924926758,52.96325,2.15949010848999,0.7029455951039
Benin,2003,46.53480911254883,62.1705,2.28315997123718,0.951327114915695
Benin,2004,50.45555877685547,51.583,2.56690001487732,1.18254096518994
Benin,2008,61.85857009887695,44.55301,2.77728009223938,1.85
Benin,2010,65.3145980834961,46.3918,3.67997002601623,3.13
Benin,2012,71.6108627319336,44.14979,3.56202006340027,4.5
Benin,2013,76.898193359375,43.72854,3.3275101184845,4.900000095
Benin,2014,77.31134796142578,45.92349,3.161789894104,6.0
Benin,2015,78.03270721435547,45.04478,3.17298007011414,11.25500011
Benin,2016,77.419189453125,41.63992,2.89910006523132,14.5
Bermuda,2003,107.88436126708984,8.90328,1.6662700176239,56.5220121836337
Bermuda,2004,104.3537368774414,8.58929,1.77587997913361,60.9908670086326
Bermuda,2005,104.96552276611328,8.33625,1.98877000808716,65.4470657898838
Bermuda,2010,116.69085693359376,7.35691,2.30668997764587,84.21
Bermuda,2011,108.7667236328125,8.94444,2.19656988306324,88.336
Bermuda,2012,104.3988265991211,9.82751,2.38597137100485,91.2993045243401
Bermuda,2013,109.36556243896484,7.19372,2.2795032068669,95.3
Bermuda,2014,101.73776245117188,6.72131,1.5368800163269,96.8
Bermuda,2015,104.99195098876952,10.4196,1.50163996219635,98.3236096537251
Bhutan,2000,54.852760314941406,41.147,5.78675985336304,0.40094444691941
Bhutan,2001,54.27790069580078,39.48254,5.44985008239746,0.864628564215099
Bhutan,2005,65.40837860107422,31.05151,6.76420021057129,3.847100019
Bhutan,2008,79.44841003417969,29.87891,4.56950998306274,6.55
Bhutan,2009,82.07106018066406,27.70221,4.41887998580933,7.17
Bhutan,2010,89.77334594726562,25.89606,3.82318997383118,13.6
Bhutan,2011,92.84966278076172,25.37845,4.31658983230591,14.39999962
Bhutan,2013,98.12947082519533,28.67592,5.16565990447998,22.39999962
Bhutan,2015,94.7904281616211,40.00443,6.92886018753052,39.79999924
Bhutan,2016,96.62175750732422,38.03778,6.4044599533081,46.50320053
Bhutan,2017,94.96681213378906,34.56294,6.61724996566772,54.33549881
Bhutan,2018,84.58547973632812,34.66868,6.47810983657837,63.48680115
Bolivia,2013,95.51280975341795,16.44289,6.80321979522705,36.99
Bolivia,2014,91.71405792236328,16.75972,7.47811985015869,34.6016202324676
Bolivia,2015,89.52144622802734,16.99771,8.1434497833252,37.4868176324391
Bolivia,2016,90.05542755126953,17.20856,8.15062046051025,39.69749832
Bolivia,2017,91.36071014404295,17.58897,8.09722995758057,43.83229828
Bolivia,2018,94.17327880859376,17.79827,8.01585960388184,44.2861422024283
Bosnia and Herzegovina,2014,84.51165008544922,16.82054,3.31473965674631,49.91770172
Bosnia and Herzegovina,2015,91.679443359375,17.16401,3.0181128667772,52.59999847
Bosnia and Herzegovina,2016,90.84964752197266,17.28654,4.26451015472412,60.2565354318987
Bosnia and Herzegovina,2017,90.49909973144533,17.19917,2.83868424239217,64.8920205128383
Bosnia and Herzegovina,2018,88.45281982421875,16.92651,3.89297008514404,70.1201350394885
Botswana,1990,90.65657043457033,31.65654,5.73963022232056,0.0
Botswana,2005,91.55819702148438,25.55037,10.6785898208618,3.262599945
Botswana,2007,90.65860748291016,25.22265,9.04666996002197,5.28
Botswana,2009,96.555419921875,25.51489,9.8253002166748,6.150000095
Botswana,2012,96.5031509399414,23.41584,8.1098729741114,16.0
Botswana,2013,95.2251205444336,22.61822,8.0172064061589,30.0
Botswana,2014,81.8389892578125,22.41447,7.88874188960311,36.74474744423
British Virgin Islands,2010,93.93203735351562,13.22727,3.48700818755313,37.0
British Virgin Islands,2016,92.07459259033205,10.53822,3.25467711875258,77.7014296797074
British Virgin Islands,2017,90.7657699584961,11.61672,2.4570894097885,77.7042682926829
Brunei Darussalam,1998,95.3896484375,14.01143,3.83446002006531,6.279999999999999
Brunei Darussalam,1999,99.24430084228516,13.96313,3.59609007835388,7.670000000000001
Brunei Darussalam,2000,100.13072204589844,13.66667,3.38460993766785,8.99628453448726
Brunei Darussalam,2010,108.20616149902344,11.34882,1.84384000301361,53.0
Brunei Darussalam,2011,110.10570526123048,11.33566,3.32213997840881,56.0
Brunei Darussalam,2012,104.02066040039062,10.58767,2.88964009284973,60.27310181
Brunei Darussalam,2014,97.84606170654295,10.25924,3.35321998596191,68.76999664
Brunei Darussalam,2016,104.2445068359375,10.19678,4.42539978027344,90.0
Bulgaria,1996,90.94786071777344,17.0147,2.23007988929748,0.7250000000000001
Bulgaria,1998,94.93376159667967,17.21601,2.73942995071411,1.84
Bulgaria,2001,101.29319763183594,17.69108,3.38423991203308,7.6122977487982
Bulgaria,2002,101.99697875976562,16.81736,3.38608002662659,9.08
Bulgaria,2003,102.73252868652344,17.13133,3.99845004081726,12.04
Bulgaria,2004,103.74468231201172,16.74773,4.24988985061646,18.13
Bulgaria,2005,104.94425964355467,16.22654,4.10879993438721,19.97
Bulgaria,2006,107.9726333618164,15.71211,3.90346002578735,27.09
Bulgaria,2007,104.0666732788086,15.93711,3.680340051651,33.64
Bulgaria,2008,103.57604217529295,16.07127,4.2190899848938,39.67
Bulgaria,2009,100.6114730834961,17.3139,4.27429008483887,45.0
Bulgaria,2010,99.7935028076172,17.49009,3.85746002197266,46.23
Bulgaria,2011,99.96659088134766,17.46208,3.54690003395081,47.9799930506026
Bulgaria,2012,99.52725982666016,17.41818,3.47650003433227,51.8999876658503
Bulgaria,2013,100.799560546875,17.63101,4.05766010284424,53.0615
Bulgaria,2014,98.9775390625,17.73363,4.19388008117676,55.4903766299262
Bulgaria,2016,98.14275360107422,17.61018,3.81435990333557,59.825547661014
Bulgaria,2017,98.9449234008789,15.20744,4.07754993438721,63.4101013837926
Burkina Faso,1996,21.832359313964844,49.93909,1.44026005268097,0.000961
Burkina Faso,2005,30.662580490112305,47.17637,3.94112992286682,0.469900012
Burkina Faso,2006,31.960880279541016,45.83142,3.98218989372253,0.632700026
Burkina Faso,2007,34.06851959228516,47.65745,4.07982015609741,0.75
Burkina Faso,2010,46.2501106262207,52.39988,3.50222992897034,2.400000095
Burkina Faso,2011,52.78535079956055,52.68641,3.98515009880066,3.0
Burkina Faso,2012,56.28002166748047,48.23903,3.60315990447998,3.724999905
Burkina Faso,2013,61.34185028076172,46.09623,4.08343982696533,5.0
Burkina Faso,2014,59.98091125488281,44.49899,4.05329990386963,6.0
Burkina Faso,2015,60.71788024902344,42.17715,3.67008996009827,6.545700073
Burkina Faso,2017,61.64514923095703,40.68126,5.62846994400024,7.790400028
Burkina Faso,2018,62.84637069702149,39.72173,5.488609790802,8.498900414
Burundi,1990,38.58877182006836,65.87336,3.35932993888855,0.0
Burundi,1991,42.89717864990234,66.89942,3.49365997314453,0.0
Burundi,1992,45.5306510925293,65.85671,3.8058500289917,0.0
Burundi,2000,25.136449813842773,55.35975,2.64547991752625,0.077248447383456
Burundi,2001,25.931760787963867,50.19719,2.90390992164612,0.106001245363203
Burundi,2002,26.358030319213867,49.07639,3.00493001937866,0.118228412267794
Burundi,2004,33.35280990600586,51.24546,3.74495005607605,0.349060461879596
Burundi,2005,35.8155403137207,48.70398,3.63216996192932,0.542100012
Burundi,2009,49.54792022705078,51.36121,6.17194986343384,0.899999976
Burundi,2010,54.754669189453125,50.6021,6.77523994445801,1.0
Burundi,2011,59.59209060668945,48.31143,6.31926012039185,1.110000014
Burundi,2012,64.55486297607422,47.10468,6.16776990890503,1.220000029
Burundi,2013,71.30126953125,45.00022,5.99539995193481,1.2642181112
Burundi,2014,69.08946990966797,43.65376,6.78452014923096,1.04239212643994
Burundi,2015,62.09434127807617,43.22109,6.37133979797363,2.0
Burundi,2016,64.03182983398438,49.66066,4.69199991226196,2.200000048
Burundi,2017,63.2770881652832,49.61434,4.76202011108398,2.6607485347534
Burundi,2018,57.22309112548828,42.52383,5.07863998413086,4.019499779
Cabo Verde,1998,94.52696228027344,28.51103,6.39176988601685,0.473
Cabo Verde,2002,97.72621154785156,28.77571,7.87682008743286,3.5187571749658
Cabo Verde,2004,95.29720306396484,26.86589,7.47664022445679,5.31883206957883
Cabo Verde,2006,92.29036712646484,25.36885,6.52960014343262,6.80891100753313
Cabo Verde,2007,87.89707946777344,24.85836,4.95982980728149,8.28321981953034
Cabo Verde,2008,95.3664093017578,24.36111,5.03464984893799,14.0
Cabo Verde,2009,92.0365219116211,23.94141,4.86588001251221,21.0
Cabo Verde,2010,95.2138214111328,23.64041,5.0765700340271,30.0
Cabo Verde,2011,89.5569076538086,23.25538,4.59785985946655,32.0
Cabo Verde,2012,91.99217224121094,22.97124,5.39769575795208,34.74
Cabo Verde,2013,89.68966674804688,22.92555,4.56156015396118,37.5
Cabo Verde,2014,93.90521240234376,22.60472,4.52133989334106,40.25999832
Cabo Verde,2015,94.85301208496094,21.94779,4.80622005462646,42.6830141582781
Cabo Verde,2016,89.90071105957031,21.4778,4.75475978851318,50.3228178676892
Cabo Verde,2017,83.49143981933594,21.08156,4.59278011322021,57.1621463484891
Cabo Verde,2018,81.75383758544922,21.07361,4.78792270184537,59.5
Cambodia,1998,33.994590759277344,46.48057,1.25907003879547,0.0163
Cambodia,2001,53.83565139770508,52.94991,1.6550600528717,0.0769560555527296
Cambodia,2002,62.42013168334961,56.28967,1.62863004207611,0.226983237666204
Cambodia,2004,82.80174255371094,55.05284,1.56035995483398,0.300436644360101
Cambodia,2007,99.09105682373048,50.8791,1.36423003673553,0.49
Cambodia,2009,99.24437713623048,49.07538,1.38576996326447,0.53
Cambodia,2010,89.77686309814453,48.44957,1.24872994422913,1.26
Cambodia,2011,89.66569519042969,47.29163,1.20887994766235,3.099999905
Cambodia,2012,95.93907928466795,45.72134,1.23062002658844,4.94
Cambodia,2013,94.204833984375,46.92711,1.57648003101349,6.0
Cambodia,2014,93.9857177734375,44.63494,1.44690001010895,14.0
Cambodia,2018,88.3711166381836,41.7035,1.60336995124817,65.0
Cameroon,1990,56.73564147949219,51.484,3.28710007667542,0.0
Cameroon,2003,57.11983108520508,57.0638,2.82259011268616,0.587622611130454
Cameroon,2004,59.14316940307617,53.90314,2.79530000686646,0.976075415490902
Cameroon,2006,51.451778411865234,44.69425,2.53990006446838,2.028700113
Cameroon,2007,54.83156967163086,44.43054,2.87814998626709,2.93
Cameroon,2008,71.2364501953125,46.03527,2.49826002120972,3.400000095
Cameroon,2009,71.067626953125,46.31569,2.90790009498596,3.84
Cameroon,2010,72.62217712402344,45.79474,2.84802007675171,4.300000191
Cameroon,2011,71.02845764160156,45.43773,2.65335988998413,5.0
Cameroon,2012,75.06964874267578,45.56349,2.60304999351502,7.5
Cameroon,2014,73.67424011230469,44.19526,2.58396005630493,16.2148722257524
Cameroon,2015,74.5130615234375,41.46571,2.65791010856628,18.29999924
Cameroon,2016,73.3813705444336,42.73541,2.56234002113342,20.60000038
Cameroon,2017,68.21257019042969,44.61321,3.05961990356445,23.2029719748646
Cameroon,2018,64.43177032470703,44.83412,3.03096008300781,29.70000076
Canada,1998,94.77584075927734,17.95005,5.49377012252808,24.9
Canada,1999,97.4452896118164,17.25853,5.53079986572266,36.2
Canada,2000,98.26299285888672,17.41596,5.42330980300903,51.3
Central African Republic,1990,31.184629440307617,90.38285,2.2441999912262,0.0
Central African Republic,2005,23.42725944519043,88.62691,1.65222001075745,0.26820001
Central African Republic,2008,31.31270980834961,100.23649,1.29000997543335,1.0
Central African Republic,2009,33.80842971801758,94.61257,1.25458002090454,1.799999952
Central African Republic,2010,35.73965835571289,84.32027,1.11760997772217,2.0
Central African Republic,2011,36.99483108520508,81.31051,1.10792005062103,2.200000048
Central African Republic,2012,38.516578674316406,80.11576,1.98034724839473,2.400000095
Central African Republic,2016,36.99489974975586,83.41195,1.75408898250234,3.099999905
Chad,1997,16.234689712524414,67.07802,2.27335000038147,0.000658
Chad,1999,20.605249404907227,67.88426,3.22786998748779,0.0123
Chad,2000,22.40822982788086,68.62067,2.64670991897583,0.03570707628555
Chad,2001,24.50865936279297,71.22252,2.42614006996155,0.0459341343557353
Chad,2004,33.321929931640625,68.7188,1.59294998645782,0.360920107034467
Chad,2005,29.92700958251953,63.15438,1.30189001560211,0.399257700084004
Chad,2009,31.577619552612305,61.01961,1.74366998672485,1.5
Chad,2010,31.389110565185547,62.20393,1.50397002696991,1.700000048
Chad,2011,34.72367858886719,62.59056,1.64717996120453,1.899999976
Chad,2012,35.27154922485352,61.26763,1.52493000030518,2.099999905
Chad,2013,38.66156005859375,62.42763,2.06696009635925,2.5
Chad,2015,38.947540283203125,55.54179,2.34283149521162,3.5
Chad,2016,42.02077102661133,56.88788,2.38847586229946,5.800000191
Chile,2011,95.0724105834961,21.97403,4.06173992156982,52.2496072877744
Chile,2013,96.9979019165039,19.52587,4.54814004898071,58.0
Chile,2014,98.16641998291016,18.65062,4.75168991088867,61.11000061
Chile,2015,97.77294921875,18.3778,4.90390014648438,76.6295919508796
Chile,2016,98.39784240722656,18.00111,5.36645984649658,83.5585860244169
Chile,2017,98.15495300292967,17.79358,5.43278980255127,82.3274869338464
China,1993,92.28758239746094,22.07777,1.65106999874115,0.000169
China,1994,87.98815155029297,22.37416,1.97658002376556,0.00117
China,1995,96.91533660888672,22.85133,1.83266997337341,0.0049499999999999
China,1996,92.43142700195312,23.29628,1.84320998191833,0.0131
Colombia,1998,95.09133911132812,23.29196,3.92645001411438,1.13
Colombia,1999,96.54405975341795,24.02045,4.44080018997192,1.7000000000000002
Colombia,2000,100.22463989257812,26.45241,3.5112099647522,2.207532992624
Colombia,2001,96.9997787475586,26.01713,3.70867991447449,2.85419997133433
Colombia,2002,97.1735610961914,26.81989,4.26812982559204,4.6
Colombia,2004,104.35856628417967,27.95172,4.07934999465942,9.1186903029666
Colombia,2005,107.44419860839844,28.34839,4.02098989486694,11.0072638904585
Colombia,2006,113.18077087402344,28.18322,3.91671991348267,15.3416745365682
Colombia,2007,114.7544174194336,29.51974,4.08301019668579,21.79999924
Colombia,2008,114.71237182617188,29.3957,3.9387800693512,25.6
Colombia,2009,119.8979721069336,29.30908,4.77651977539062,30.0
Colombia,2010,119.82415771484376,28.13107,4.83382987976074,36.5
Colombia,2011,118.85179138183594,27.57965,4.46608018875122,40.3509157546318
Colombia,2012,113.55069732666016,25.04796,4.37038993835449,48.98
Colombia,2013,103.58582305908205,24.98364,4.87855005264282,51.7
Colombia,2014,102.68987274169922,24.28676,4.62945985794067,52.568136539247
Colombia,2015,102.40923309326172,24.23937,4.47038984298706,55.9049725142924
Colombia,2016,103.13993072509766,24.31808,4.47721004486084,58.1364935728703
Colombia,2017,106.37325286865234,23.60132,4.53551006317139,62.2598803162841
Colombia,2018,105.5780029296875,23.3015,4.44910001754761,64.1263768204459
Comoros,2002,54.76115036010742,39.20075,2.25841999053955,0.554869674985088
Comoros,2008,67.99079895019531,30.15332,4.42264986038208,3.0
Comoros,2013,73.91744232177734,27.80796,2.3827600479126,6.5
"Congo, Dem. Rep.",2010,60.315731048583984,37.0131,1.5249799489975,0.72
"Congo, Dem. Rep.",2013,66.77137756347656,37.06925,2.06220006942749,2.200000048
"Congo, Dem. Rep.",2014,64.99114227294922,35.31936,1.95142996311188,3.0
"Congo, Dem. Rep.",2015,67.49658966064453,33.19793,2.17043995857239,3.799999952
"Congo, Rep.",2002,56.501991271972656,56.20777,3.20831990242004,0.157249517243982
"Congo, Rep.",2003,53.34508895874024,65.17102,2.8361599445343,0.460014186837522
"Congo, Rep.",2004,76.68865966796875,82.79541,2.28813004493713,1.07750492958505
"Congo, Rep.",2010,67.9243392944336,49.14568,5.6867299079895,5.0
"Congo, Rep.",2011,74.67743682861328,47.09289,2.64652978173867,5.6
"Congo, Rep.",2012,72.2780990600586,44.442,2.73923061622047,6.106699944
Costa Rica,1995,80.07868194580078,30.60893,3.35273003578186,0.417
Costa Rica,1996,81.52274322509766,29.54329,3.89071011543274,0.8410000000000001
Costa Rica,1999,84.1167984008789,26.82207,5.39436006546021,3.9
Costa Rica,2000,88.69593811035156,24.94075,4.66695022583008,5.80025302331829
Costa Rica,2001,89.81683349609375,24.31442,4.83203983306885,9.55948213497093
Costa Rica,2002,94.22064971923828,22.59585,5.15044021606445,19.8948511346293
Costa Rica,2004,93.69454956054688,22.34571,4.89062976837158,20.7923067055542
Costa Rica,2006,89.37035369873047,19.70728,4.61614990234375,25.10000038
Costa Rica,2007,91.2880630493164,19.494,4.63449001312256,28.39999962
Costa Rica,2008,94.25965118408205,18.97453,4.88697004318237,32.29
Costa Rica,2009,98.62699127197266,18.40435,6.01031017303467,34.33
Costa Rica,2010,98.5047607421875,17.8517,6.56575012207031,36.5
Costa Rica,2011,98.21231079101562,17.34208,6.37988996505737,39.2121959961842
Costa Rica,2013,94.93856811523438,13.34199,6.68738985061646,45.96
Costa Rica,2014,98.53724670410156,13.22687,6.67953014373779,53.0
Costa Rica,2015,95.0925064086914,12.6763,6.87349987030029,59.7629501371681
Costa Rica,2016,94.5781478881836,11.97865,6.89395999908447,65.8804491942718
Costa Rica,2017,94.1781234741211,11.62825,7.06981992721558,71.5816646195022
Costa Rica,2018,95.62042999267578,12.2047,6.76992988586426,73.4797284369906
Croatia,2002,99.36749267578124,17.93677,3.82305002212524,17.76
Croatia,2003,102.02667999267578,17.72563,3.87019991874695,22.75
Croatia,2007,99.6697769165039,16.69378,3.96898007392883,41.44
Croatia,2008,97.1472625732422,16.02884,4.2783899307251,44.24
Croatia,2009,97.16291046142578,14.78459,4.36217021942139,50.58
Croatia,2010,97.44796752929688,14.25609,4.20651006698608,56.55
Croatia,2011,97.6244888305664,13.83132,4.10584020614624,57.7899789891444
Croatia,2013,97.75856018066406,13.71278,4.50127983093262,66.7476
Cuba,1999,97.38784790039062,11.7748,6.75523996353149,0.315
Cuba,2000,98.26872253417967,11.49998,7.70481014251709,0.541182548811058
Cuba,2001,96.3328628540039,10.73922,8.3580904006958,1.07975172188907
Cuba,2003,96.35903930664062,10.68011,9.9408597946167,5.2412690536929
Cuba,2004,95.37342071533205,10.24083,10.2682304382324,8.40798475900703
Cuba,2005,97.12911224365234,10.30837,10.5577802658081,9.73806220781346
Cuba,2006,97.31031036376952,9.97784,9.05716991424561,11.1596013147617
Cuba,2007,97.90032196044922,9.64855,11.8682098388672,11.69
Cuba,2008,91.92823028564452,9.61042,14.0590801239014,12.94
Cuba,2009,97.2666473388672,9.43833,13.1248598098755,14.33
Cuba,2010,95.3740692138672,9.12865,12.8373098373413,15.9
Cuba,2012,92.50055694580078,9.05528,11.5516604913797,21.20000076
Cuba,2013,91.08804321289062,9.06109,10.67169596101,27.93
Cuba,2014,95.0668487548828,9.06511,9.6074568445536,29.0701843656523
Cuba,2015,95.60201263427734,8.89917,8.9633578559392,37.3050974155373
Cuba,2016,94.93060302734376,8.74431,9.01309318032688,42.9786751910106
Cuba,2017,95.22663116455078,8.82731,8.44413540438793,57.1484043170788
Cuba,2018,90.79403686523438,9.16029,8.02498461098619,62.6789236230601
Cyprus,2000,97.65950012207033,17.72506,4.98954010009766,15.2553943710137
Cyprus,2001,98.04248809814452,17.19454,5.11552000045776,18.8187590408455
Cyprus,2002,100.45011901855467,19.02568,5.58166980743408,28.32
Cyprus,2003,100.72783660888672,18.94185,6.6702299118042,30.09
Cyprus,2004,86.89128875732422,17.60724,6.11772012710571,33.83
Cyprus,2005,98.77118682861328,17.72706,6.28667020797729,32.81
Cyprus,2006,99.25926208496094,16.46264,6.33027982711792,35.83
Cyprus,2007,97.88726043701172,15.63024,6.28083992004395,40.77
Cyprus,2008,98.06358337402344,14.75299,6.72277021408081,42.31
Cyprus,2009,99.67855072021484,14.2405,7.20547008514404,49.81
Cyprus,2010,99.31649017333984,13.75307,6.52559995651245,52.99
Cyprus,2011,101.73310089111328,13.44153,6.52042007446289,56.8598923503507
Cyprus,2013,98.33206939697266,13.59542,6.46747016906738,65.4548
Cyprus,2014,99.82537841796876,13.39274,6.42111015319824,69.3286967086473
Cyprus,2015,96.81906127929688,11.91513,6.30491018295288,71.7157409175171
Cyprus,2016,98.46739196777344,11.86448,6.11811017990112,75.9002054030125
Cyprus,2017,101.2697296142578,12.03922,5.69961977005005,80.743188971932
Czechia,1993,96.3171615600586,19.22587,4.12948989868164,0.581
Czechia,1994,100.63020324707033,19.64303,4.61730003356934,1.26
Czechia,1995,101.9450225830078,20.18596,4.48584985733032,1.4500000000000002
Czechia,1996,108.39261627197266,19.10252,4.2188401222229,1.94
Czechia,1999,99.699462890625,18.28958,3.64439988136292,6.83
Czechia,2000,101.7165985107422,16.88543,3.61999011039734,9.78052788834393
Czechia,2001,97.84349060058594,17.71026,3.71491003036499,14.6971721171129
Czechia,2002,101.84626770019533,17.3543,3.9390299320221,23.93
Czechia,2003,101.2231674194336,16.79405,4.10311985015869,34.3
Czechia,2004,100.0598373413086,16.41274,3.98130011558533,35.5
Czechia,2005,107.07642364501952,16.24551,3.86250996589661,35.27
Czechia,2006,105.04151916503906,15.65768,4.19625997543335,47.93
Czechia,2007,105.78514099121094,18.7278,3.85006999969482,51.93
Czechia,2008,101.37406158447266,18.47503,3.73207998275757,62.97
Czechia,2009,100.50150299072266,18.50084,4.1553201675415,64.43
Czechia,2010,102.09890747070312,18.70713,3.99341988563538,68.82
Czechia,2011,100.54447174072266,18.82126,4.20787000656128,70.49
Czechia,2012,99.44953918457033,18.97433,4.19049978256226,73.4300078241036
Czechia,2013,98.722412109375,18.93175,4.02132987976074,74.1104
Denmark,1993,100.22354888916016,9.83742,7.77740001678467,0.5780000000000001
Denmark,1994,100.1315689086914,9.92763,7.47797012329102,1.34
Denmark,1998,100.21758270263672,9.90887,8.11200046539307,22.7
Denmark,1999,100.02252197265624,10.03223,7.93461990356445,30.6
Denmark,2000,99.99829864501952,10.12217,8.09002017974854,39.1724308555053
Denmark,2001,99.48728942871094,9.93301,8.21092987060547,42.9575247201878
Denmark,2014,100.1490478515625,10.73738,7.63833999633789,95.9935053764454
Dominica,1999,115.26277923583984,19.80921,4.02858018875122,2.93
Dominica,2012,99.14163208007812,15.78295,4.52896287885139,49.79999924
Dominica,2013,96.08191680908205,14.84121,4.35428103166344,51.0
Dominica,2014,103.01555633544922,14.25,4.33216630134647,57.5
Dominica,2015,96.6850814819336,14.00558,3.09856009483337,65.0
Dominica,2016,101.20929718017578,13.07679,5.12971951862684,67.02999878
Dominican Republic,2000,78.34146118164062,31.03273,1.88829004764557,3.70469235587688
Dominican Republic,2002,91.71707916259766,32.60835,1.9140100479126,6.8237257325842
Dominican Republic,2007,92.81842803955078,23.88067,2.04678010940552,17.66
Dominican Republic,2010,92.85015869140624,25.53138,1.88728788680129,31.39999962
Dominican Republic,2011,93.00061798095705,25.45855,1.87925755786153,38.0
Dominican Republic,2013,94.17469787597656,23.49304,3.62818152019188,45.9
Dominican Republic,2014,95.28572082519533,20.56358,3.62243443144513,49.58000183
Dominican Republic,2015,99.69489288330078,18.29098,3.60400277306673,54.2157663369785
Dominican Republic,2016,99.43049621582033,18.52102,3.85049560792469,63.8708647408206
Dominican Republic,2017,96.09523010253906,18.91694,3.92026752279272,67.5712453277737
Dominican Republic,2018,93.77693176269533,18.92322,3.92849467476802,74.8220483597284
East Asia & Pacific,2007,96.61094665527344,19.15573,3.178879976272585,20.8
East Asia & Pacific,2008,101.4609375,19.22901,3.266520023345945,25.2
East Asia & Pacific,2009,101.98999786376952,18.76306,3.86193990707398,29.5
East Asia & Pacific,2010,101.82167053222656,18.40429,3.5100200176239,34.2
East Asia & Pacific,2011,100.62097930908205,18.29799,3.51174998283386,37.3
East Asia & Pacific,2012,98.57122802734376,18.24173,3.50960993766785,40.4
East Asia & Pacific,2013,99.32698059082033,17.73742,3.94216501712799,43.2
East Asia & Pacific,2014,96.4222412109375,17.43074,3.54012312110584,45.5
East Asia & Pacific,2015,94.9161605834961,17.20192,3.50010727729012,48.3
East Asia & Pacific,2016,96.39865112304688,16.96202,3.38517552407879,53.9
East Asia & Pacific,2017,97.9058609008789,17.41387,3.41865686539527,57.8
East Asia & Pacific,2018,99.02812957763672,17.53589,3.19769395901619,62.5
Ecuador,1995,88.93656921386719,26.35151,1.99764001369476,0.0438
Ecuador,1999,93.91806030273438,23.6912,1.54734003543854,0.823
Ecuador,2000,94.19336700439452,23.25134,1.20265996456146,1.46218853556457
Ecuador,2009,96.83426666259766,23.18609,4.51763010025024,24.6
Ecuador,2010,101.97467041015624,21.98396,4.60028982162476,29.03
Ecuador,2011,105.2316436767578,21.89836,4.74424982070923,31.3668083587433
Ecuador,2012,105.29595947265624,22.07965,4.65310001373291,35.1351464545516
Ecuador,2013,104.18685150146484,23.29823,4.92997980117798,40.279121941
Ecuador,2014,105.80829620361328,24.70893,5.21019983291626,45.5903906666095
Ecuador,2015,99.28074645996094,25.10819,5.10570001602173,48.9404337892669
Ecuador,2016,96.72535705566406,25.09592,4.46397668804552,54.0629247288864
Ecuador,2017,98.938720703125,24.48003,4.60667733499397,55.79999924
Ecuador,2018,98.37651824951172,24.26216,4.6250260585881,57.5
"Egypt, Arab Rep.",2003,83.70610046386719,22.18727,4.94563007354736,4.03788510706701
"Egypt, Arab Rep.",2004,84.77787017822266,21.8606,4.67072010040283,11.92
"Egypt, Arab Rep.",2005,86.33477783203125,25.6326,4.79442977905273,12.75
"Egypt, Arab Rep.",2006,82.29962921142578,26.00118,4.00178003311157,13.66
"Egypt, Arab Rep.",2007,86.52886199951172,27.08402,3.68460988998413,16.03
El Salvador,2003,86.31275177001953,45.50168,3.13467001914978,2.5
El Salvador,2005,89.49141693115234,43.23934,3.17785000801086,4.199999809
El Salvador,2006,88.41423797607422,40.09995,3.49298000335693,5.5
El Salvador,2007,91.79400634765624,39.67234,3.60984992980957,6.11
El Salvador,2008,92.48967742919922,32.61124,4.45810985565185,10.08
El Salvador,2009,95.38069152832033,31.00441,4.65950012207031,12.11
El Salvador,2011,98.53662109375,29.28568,3.89854001998901,18.89999962
El Salvador,2015,92.7768096923828,29.69441,3.90987992286682,26.8026049600572
El Salvador,2016,92.1429214477539,28.26087,3.82523989677429,28.99710083
El Salvador,2017,91.60841369628906,28.27102,3.7252299785614,33.8207289048526
El Salvador,2018,89.75904083251953,26.89473,3.60575008392334,43.79999924
Eritrea,1996,52.475868225097656,41.47649,1.63855004310608,0.0
Eritrea,1999,54.74081039428711,46.98045,5.26281023025513,0.0255
Eritrea,2001,58.94351959228515,44.79469,4.0471601486206,0.157815289303043
Eritrea,2002,56.46847152709961,44.04881,3.52390003204346,0.227090137626716
Estonia,1999,93.98577117919922,15.66547,6.65249013900757,14.499999999999998
Estonia,2000,97.49063873291016,14.32289,5.33945989608765,28.5769538105646
Estonia,2001,101.89920806884766,14.10571,5.23217010498047,31.5274897673756
Estonia,2007,103.9924774169922,12.82706,4.6196699142456,66.19
Estonia,2008,102.1875,12.15258,5.48375988006592,70.58
Estonia,2009,100.26876831054688,11.89762,5.9597601890564,72.5
Estonia,2010,100.98827362060548,11.72345,5.51753997802734,74.1
Estonia,2011,99.74957275390624,11.7829,4.99514007568359,76.5
Estonia,2012,99.6860122680664,11.54548,4.67340993881226,78.3899259259259
Estonia,2013,96.88426208496094,11.49954,4.78006982803345,80.0043
Estonia,2016,97.93798065185548,11.26704,5.05511999130249,87.2402327514547
Estonia,2017,96.38076782226562,11.31153,4.86288022994995,88.1024568740199
Eswatini,1990,62.31748962402344,32.7472,5.48457002639771,0.0
Eswatini,1995,63.77191925048828,34.0218,5.6531400680542,0.0010299999999999
Eswatini,1996,61.50981903076172,33.881,4.93815994262695,0.0504
Eswatini,1999,63.221309661865234,33.15813,5.09095001220703,0.471
Eswatini,2000,64.96784973144531,31.27536,5.50848007202148,0.926191777269401
Eswatini,2001,61.99100875854492,32.87289,4.83824014663696,1.28159005046719
Eswatini,2002,63.0411491394043,31.07433,4.44086980819702,1.81620380712642
Eswatini,2003,61.666778564453125,31.20419,5.81677007675171,2.43707385055863
Eswatini,2004,63.679908752441406,32.31015,5.40160989761353,3.22868507316111
Eswatini,2005,66.41398620605469,32.87287,6.48462009429932,3.697000027
Eswatini,2006,66.91410827636719,33.25891,6.55475997924805,3.69653878906882
Eswatini,2009,80.29933166503906,31.64829,6.47135019302368,8.94
Eswatini,2010,85.65274047851562,32.3244,6.11837005615234,11.04
Eswatini,2011,85.89884185791016,30.4911,6.86432981491089,18.13
Eswatini,2012,85.25023651123047,29.05959,5.59328219778155,20.78179932
Eswatini,2013,86.97783660888672,28.09674,5.08461029694871,24.70000076
Eswatini,2014,86.5009765625,28.03276,7.28094005584717,25.0
Eswatini,2015,93.1901626586914,27.58272,5.35494723006471,25.64299965
Eswatini,2016,100.1065673828125,27.27385,5.43355309210979,28.56999969
Eswatini,2017,101.58538818359376,26.59621,6.177914116856,35.33160019
Ethiopia,1996,16.184589385986328,37.89781,2.70707988739014,0.0017
Ethiopia,2000,21.259010314941406,67.33913,3.88614988327026,0.0152637672082567
Ethiopia,2008,48.54301071166992,62.28293,5.40819978713989,0.449999988
Ethiopia,2009,50.653228759765625,57.9406,4.42207002639771,0.540000021
Ethiopia,2010,57.52033996582031,54.05852,4.49659013748169,0.75
Ethiopia,2011,52.99978256225586,55.06929,5.4857702255249,1.100000024
Europe & Central Asia,2005,99.23863983154295,15.55318,4.87698984146118,34.7
Europe & Central Asia,2006,97.79326629638672,15.39496,4.90769004821777,38.0
Europe & Central Asia,2007,97.7196807861328,15.05574,4.71541976928711,43.6
Europe & Central Asia,2008,97.88957214355467,14.93745,4.90972995758057,48.1
Europe & Central Asia,2009,97.55555725097656,14.81432,5.06263017654419,52.7
Europe & Central Asia,2010,97.1224136352539,14.71334,5.14355993270874,57.0
Europe & Central Asia,2011,97.4806900024414,14.64212,4.85663986206055,60.2
Europe & Central Asia,2012,97.48973083496094,14.77627,4.80692505836487,63.8
Europe & Central Asia,2013,97.35391998291016,14.9614,4.99779987335205,66.1
Europe & Central Asia,2014,97.04247283935548,14.92689,4.82582998275757,68.9
Europe & Central Asia,2015,97.25997161865234,14.75172,4.78751993179321,69.9
Europe & Central Asia,2016,101.01139068603516,14.69603,4.82350015640259,72.3
Europe & Central Asia,2017,96.53700256347656,14.85681,4.64034986495972,74.5
Europe & Central Asia,2018,95.87391662597656,14.86965,4.64193511009216,78.1
Fiji,1998,99.04286193847656,23.03324,5.52470016479492,0.633
Fiji,2000,90.48098754882812,28.12209,5.87773990631104,1.4968547339902
Fiji,2001,92.10807037353516,27.95442,5.6431097984314,1.8579785936093
Fiji,2002,94.77092742919922,27.8225,6.27586984634399,6.15264970011985
Fiji,2004,97.91207885742188,28.1581,6.20915985107422,7.4129434854202
Fiji,2008,93.2693862915039,26.03275,4.25357007980347,13.0
Fiji,2011,94.83171081542967,30.75971,4.17305994033813,28.0
Fiji,2012,96.10221862792967,27.99728,4.46150592221937,33.74240112
Finland,1996,99.1850128173828,16.50077,6.86610984802246,16.8
Finland,1999,99.43688201904295,17.26959,5.87123012542725,32.300000000000004
Finland,2000,99.5973129272461,16.68729,5.71163988113403,37.2484617371121
Finland,2001,99.18605041503906,15.89647,5.84084987640381,43.1053633522263
Finland,2002,98.98681640625,15.56876,6.01865005493164,62.43
Finland,2003,98.841552734375,16.34786,6.168869972229,69.22
Finland,2004,99.31723022460938,15.95583,6.15823984146118,72.39
Finland,2005,99.30671691894533,15.53424,6.02582979202271,74.48
Finland,2006,99.49739837646484,15.0094,5.92960977554321,79.66
Finland,2007,98.9522476196289,15.03387,5.67164993286133,80.78
Finland,2008,99.4875717163086,14.394,5.83046007156372,83.67
Finland,2009,99.28978729248048,13.64642,6.45998001098633,82.49
Finland,2010,98.9924774169922,14.03056,6.504310131073,86.89
Finland,2011,99.49488830566406,13.67094,6.45624017715454,88.70999491353
Finland,2012,98.85726165771484,13.55949,7.1715497970581,89.879997974222
Finland,2013,99.30322265625,13.19718,7.15288019180298,91.5144
Finland,2014,99.212158203125,13.33204,7.13832998275757,86.5303927529377
Finland,2016,99.42762756347656,13.32179,6.90873003005981,87.7036499599455
Finland,2017,99.12998962402344,13.66688,6.40826988220215,87.4689290730615
"Gambia, The",1995,36.62953186035156,33.60267,2.55356001853943,0.00922
"Gambia, The",1996,42.98918151855469,30.23628,2.56627988815308,0.0355
"Gambia, The",1999,60.44486999511719,36.95683,1.56512999534607,0.716
"Gambia, The",2000,59.961158752441406,37.44125,1.46587002277374,0.921794919066406
"Gambia, The",2001,60.79653930664063,38.68007,1.15810000896454,1.33679116648397
"Gambia, The",2002,59.23733901977539,37.98627,1.44291996955872,1.79677988296495
"Gambia, The",2003,62.09553909301758,39.40341,1.36337995529175,2.436781193062
"Gambia, The",2004,61.166900634765625,38.53397,0.622470021247864,3.30800347812937
"Gambia, The",2005,58.78290939331055,36.56464,0.691879987716675,3.799000025
"Gambia, The",2006,57.45378875732422,38.47812,0.751630008220673,5.23769115841218
"Gambia, The",2007,64.21685791015625,35.15646,0.816860020160675,6.20503741852418
"Gambia, The",2008,69.64556884765625,34.36475,2.18129992485046,6.880000114
"Gambia, The",2010,63.00025177001953,37.48167,2.56322002410889,9.2
"Gambia, The",2011,58.90209579467773,37.61854,2.50116991996765,10.87030029
"Gambia, The",2012,60.17485809326172,33.86525,2.63756990432739,12.44919968
"Gambia, The",2013,60.60403823852539,36.13171,1.81839001178741,14.0
"Gambia, The",2014,60.59783554077149,44.68514,2.23094010353088,15.56000042
"Gambia, The",2015,60.7109489440918,37.14288,2.16002988815308,17.59950066
Georgia,1999,88.02979278564453,17.41941,2.15512990951538,0.416
Georgia,2000,99.2928237915039,16.84272,2.18105006217956,0.484746298540492
Georgia,2001,103.90528869628906,15.62819,2.13750004768372,0.992344436138154
Georgia,2002,107.52507781982422,13.85575,2.23501992225647,1.58787562980332
Georgia,2003,102.10946655273438,14.50291,2.06559991836548,2.55881648068489
Georgia,2008,108.6993637084961,8.68001,2.9195499420166,10.01000023
Georgia,2009,110.7721176147461,8.9205,3.22237992286682,20.06999969
Georgia,2013,109.78131103515624,9.09457,2.8330966857175,43.3
Georgia,2014,108.32756805419922,9.07882,2.94113947736272,49.1024547144647
Georgia,2015,107.12882232666016,9.01662,3.10870368877345,47.5697596438736
Georgia,2016,120.5789794921875,8.82638,3.52338004112244,58.4592896118725
Georgia,2017,120.75231170654295,9.01533,3.52442002296448,59.7055045962571
Georgia,2018,102.53822326660156,8.98194,3.46094989776611,62.7179081974285
Germany,1993,100.69985961914062,16.63115,4.39173984527588,0.464
Germany,1994,100.0334930419922,16.22708,4.31664991378784,0.923
Germany,1995,100.23394012451172,17.45831,4.41835021972656,1.84
Germany,1996,99.1219711303711,17.04431,4.47798013687134,3.05
Germany,2008,102.59776306152344,13.49743,4.47337007522583,78.0
Germany,2010,101.36560821533205,12.68383,4.99525022506714,82.0
Germany,2011,103.57341003417967,11.82415,4.88583993911743,81.26999953602
Germany,2012,101.78581237792967,11.71402,4.83153009414673,82.3499984738392
Germany,2013,101.99826049804688,11.58027,4.83911991119385,84.17
Germany,2014,99.48845672607422,12.29942,4.82582998275757,86.1937006578756
Germany,2015,102.09285736083984,12.22305,4.76157999038696,87.5897993525767
Germany,2016,99.6975326538086,12.14626,4.76321983337402,84.1652066441212
Germany,2017,97.57306671142578,12.30285,4.77830982208252,84.3941537010844
Ghana,1999,61.36180877685547,29.59855,4.11037015914917,0.105
Ghana,2001,62.27186965942383,32.5811,5.35444021224976,0.200008060324831
Ghana,2004,65.17967224121094,32.34112,7.53558015823364,1.71679770389504
Ghana,2005,71.60626983642578,32.81364,7.42208003997803,1.83119746104616
Ghana,2006,69.70140838623047,35.38932,5.14794015884399,2.72317597313987
Ghana,2007,75.8752670288086,31.98986,5.51986980438232,3.85
Ghana,2008,82.61856842041016,32.24014,5.75795984268188,4.27
Ghana,2009,83.79139709472656,33.11177,5.31744003295898,5.44
Ghana,2011,88.16381072998047,31.04223,8.14097023010254,9.0
Ghana,2012,91.1953582763672,32.98357,7.91913986206055,10.6
Ghana,2013,91.18480682373048,31.68167,4.57644987106323,15.0
Ghana,2014,89.2414321899414,30.07899,4.39978981018066,19.0
Ghana,2015,93.67414855957033,31.25587,4.43404006958008,23.0
Ghana,2017,87.84977722167969,27.29644,3.53362989425659,37.88420105
Ghana,2018,88.04061126708984,27.24556,3.8861300945282,43.0
Greece,2004,95.20256805419922,11.25939,3.76059007644653,21.42
Greece,2005,99.67797088623048,11.06286,4.0549201965332,24.0
Greece,2015,97.61077880859376,9.64365,3.68238997459412,66.8349594911035
Greece,2017,98.44795989990234,9.38027,3.46778011322021,69.8929706543154
Grenada,2003,101.34146118164062,18.69144,3.92673993110657,18.6451821830564
Grenada,2010,116.4094696044922,16.05523,5.07508233496978,27.0
Grenada,2018,108.85869598388672,16.35068,3.55919341882594,61.42459869
Guatemala,1996,46.63814926147461,34.80891,1.56369996070862,0.0195
Guatemala,2006,74.22409057617188,30.95251,3.03285002708435,6.5
Guatemala,2007,74.58805084228516,30.45308,3.08809995651245,7.300000191
Guatemala,2008,77.45271301269531,29.42545,3.23686003684998,8.300000191
Guatemala,2010,83.90350341796875,26.86718,2.84864997863769,10.5
Guatemala,2011,86.27352142333984,26.2891,2.96865010261536,12.30000019
Guatemala,2012,86.43312072753906,25.54245,3.00524997711182,16.0
Guatemala,2013,86.47004699707031,23.66146,2.88808989524841,19.70000076
Guatemala,2014,86.18781280517578,22.98198,2.98563003540039,23.39999962
Guatemala,2016,81.64192962646484,21.74437,2.94474005699158,34.50930023
Guatemala,2017,81.97701263427734,20.17993,2.95009994506836,37.90000153
Guatemala,2018,81.74809265136719,20.26228,3.13193988800049,41.5
Guinea,1999,29.47205924987793,46.83864,1.61954998970032,0.0608
Guinea,2000,32.083740234375,45.58806,1.7786500453949,0.0954249236063846
Guinea,2001,33.83856964111328,44.35788,1.42785000801086,0.175541868491054
Guinea,2002,37.66432189941406,47.2258,1.77897000312805,0.402022748744397
Guinea,2003,37.65871047973633,44.99174,1.62612998485565,0.450960370842751
Guinea,2004,46.94654083251953,45.24222,1.5156899690628,0.508819332302937
Guinea,2005,52.7905387878418,44.86534,1.26814997196198,0.542299986
Guinea,2008,50.57109832763672,44.11118,1.58112001419067,0.92
Guinea,2009,56.353328704833984,43.68705,2.20725011825561,0.94
Guinea,2010,56.66735076904297,42.18615,2.55118989944458,1.0
Guinea,2011,60.162593841552734,44.08141,2.28742003440857,2.0
Guinea,2012,61.03778839111328,43.55555,1.83369994163513,3.099999905
Guinea,2013,61.94099044799805,44.21036,2.63421988487244,4.5
Guinea,2014,64.00247955322266,45.59096,2.42281007766724,6.400000095
Guinea,2016,62.4415283203125,47.14862,2.54450011253357,13.10000038
Guinea-Bissau,2010,63.11418914794922,51.92515,1.68221998214722,2.450000048
Guyana,1999,97.52996063232422,26.65515,8.56105995178223,0.4
Guyana,2000,98.20530700683594,26.22418,8.48414993286133,0.6
Guyana,2001,84.29031372070312,26.00952,8.39729022979736,1.0
Guyana,2003,72.59359741210938,26.55199,6.95590019226074,2.4
Guyana,2005,96.86485290527344,28.03939,8.13973045349121,5.699999809
Guyana,2007,98.06720733642578,26.17853,2.39117002487183,13.80000019
Guyana,2009,103.29638671875,25.56063,2.15057992935181,23.9
Guyana,2010,98.39202117919922,24.61945,2.40938997268677,29.9
Guyana,2011,104.88159942626952,24.59172,2.50669002532959,30.0
Guyana,2012,105.51624298095705,23.1645,2.24131989479065,30.5
High income,2005,98.06098175048828,14.92276,4.80935001373291,52.9
High income,2006,97.99669647216795,14.72095,4.83653020858765,55.7
High income,2007,98.19650268554688,14.52445,4.674954891204836,61.3
High income,2008,98.33203125,14.35105,4.796869993209841,64.0
High income,2009,98.49604034423828,14.29411,5.06263017654419,66.4
High income,2010,98.7219696044922,14.02249,5.08126020431519,69.0
High income,2011,98.57750701904295,14.13012,4.85663986206055,70.4
High income,2012,99.26316833496094,14.1681,4.78232002258301,73.7
High income,2013,98.28704071044922,14.13521,4.78006982803345,75.1
High income,2014,98.08670043945312,14.11254,4.78875994682312,77.0
High income,2015,98.3616180419922,14.02746,4.76157999038696,78.3
High income,2016,97.88787078857422,13.90883,4.78327989578247,82.5
High income,2017,98.1843032836914,13.94748,4.68990993499756,84.2
High income,2018,98.32064819335938,14.03652,4.60567998886108,86.3
Honduras,1995,66.2138900756836,34.78818,2.61744999885559,0.0368
Honduras,2016,78.111328125,28.37057,6.09509492079297,29.5282180796457
Honduras,2017,79.1250228881836,25.59773,5.74434396129576,31.7357924661485
"Hong Kong SAR, China",1992,99.6769027709961,26.66898,2.82820010185242,0.8500000000000001
"Hong Kong SAR, China",1996,95.41898345947266,23.72998,2.72830009460449,4.75
"Hong Kong SAR, China",2001,96.35926818847656,21.09928,3.90370011329651,38.6714032309569
"Hong Kong SAR, China",2002,96.87628936767578,20.16689,4.01555013656616,43.0823830278909
"Hong Kong SAR, China",2003,104.1769027709961,19.76984,4.28530979156494,52.2000433497404
"Hong Kong SAR, China",2004,99.91017150878906,18.7644,4.55894994735718,56.3998803935333
"Hong Kong SAR, China",2005,100.85904693603516,18.347,4.13463020324707,56.9
"Hong Kong SAR, China",2006,100.46691131591795,17.759,3.84278011322021,60.8
"Hong Kong SAR, China",2007,97.60482025146484,16.94053,3.45455002784729,64.8
"Hong Kong SAR, China",2008,95.7638931274414,16.54729,3.2606201171875,66.7
"Hong Kong SAR, China",2009,95.43460845947266,15.8539,4.39211988449097,69.4
"Hong Kong SAR, China",2010,101.71627807617188,15.16485,3.5100200176239,72.0
"Hong Kong SAR, China",2011,102.6644287109375,14.79974,3.41823005676269,72.19999695
"Hong Kong SAR, China",2012,102.3167495727539,14.43462,3.50960993766785,72.9
"Hong Kong SAR, China",2013,111.10433197021484,13.99258,3.76031994819641,74.2
"Hong Kong SAR, China",2014,101.25093841552734,13.84932,3.57254004478455,79.8662704309064
"Hong Kong SAR, China",2015,95.3511962890625,13.66248,3.26210999488831,84.9483529634062
"Hong Kong SAR, China",2016,95.75472259521484,13.67502,3.29269003868103,87.47941467087
"Hong Kong SAR, China",2017,111.3474578857422,13.76886,3.30989003181458,89.4159446487565
"Hong Kong SAR, China",2018,92.88591003417967,13.34788,3.32624006271362,90.5073953294283
Hungary,1998,99.22061920166016,10.75367,4.40161991119385,3.89
Hungary,1999,98.33509826660156,10.64964,4.55900001525879,5.86
Hungary,2000,99.17481994628906,10.70924,4.8624701499939,6.99967635062916
Hungary,2001,97.38382720947266,10.53831,4.92643976211548,14.5285543028277
Hungary,2002,98.17928314208984,10.27733,5.17711019515991,16.67
Hungary,2003,98.22312927246094,9.58843,5.79872989654541,21.63
Hungary,2004,99.09900665283205,10.47323,5.33301019668579,27.74
Hungary,2005,97.02124786376952,10.44291,5.32539987564087,38.97
Hungary,2006,99.276123046875,10.24786,5.29485988616943,47.06
Hungary,2007,97.50160217285156,10.05516,5.13725996017456,53.3
Hungary,2008,100.68470001220705,10.41766,4.97069978713989,61.0
Hungary,2009,99.2431869506836,10.49666,4.95626020431519,62.0
Hungary,2010,99.93312072753906,10.57857,4.73365020751953,65.0
Hungary,2011,97.7294692993164,10.5475,4.57056999206543,68.0199878861296
Hungary,2012,97.87581634521484,10.48051,4.15359020233154,70.579998153838
Hungary,2013,97.80770111083984,10.40282,4.19040012359619,72.6439
Hungary,2014,98.7244873046875,11.2436,4.59878015518188,75.6531974544103
Hungary,2015,98.64601135253906,10.97863,4.49287986755371,72.8347370323805
Hungary,2016,96.80142211914062,10.76744,4.60210990905762,79.2594121273057
Iceland,2011,99.2118682861328,9.70073,6.78996992111206,94.8196868008949
Iceland,2012,98.9558563232422,9.92804,7.58223009109497,96.2097995545657
Iceland,2013,99.22444915771484,9.85605,7.44866991043091,96.5468
Iceland,2014,98.69110107421876,9.99398,7.6414098739624,98.1580233097118
Iceland,2015,99.0966796875,10.14405,7.45796012878418,98.19999695
India,1999,68.89942169189453,40.0,4.41538000106812,0.2729999999999999
India,2000,71.46900939941406,39.99999,4.32480001449585,0.527532449930946
India,2003,82.96259307861328,41.32988,3.61342000961304,1.68648997063625
India,2011,95.8912353515625,35.15463,3.79618000984192,10.07
India,2013,96.97248077392578,32.31833,3.84467005729675,12.30000019
India,2014,99.0280990600586,31.28855,3.89878023242693,13.5
India,2015,99.9040069580078,31.49146,4.1145601272583,14.89999962
India,2016,99.3136749267578,35.21588,4.25406980514526,16.5
India,2017,98.58871459960938,32.74955,4.30543994903565,18.20000076
Indonesia,1994,95.43936920166016,23.05079,0.998549997806549,0.00106
Indonesia,1995,95.24152374267578,22.66127,1.00434994697571,0.0261
Indonesia,1996,94.8697280883789,22.34334,1.07854998111725,0.0566
Indonesia,1997,95.4097137451172,22.02891,1.07208001613617,0.1949999999999999
Indonesia,2001,95.38349151611328,22.24524,2.46003007888794,2.01861385948459
Indonesia,2002,97.33820343017578,20.90186,2.64568996429443,2.13413573295808
Indonesia,2003,99.54205322265624,20.29418,3.21799993515015,2.38701977959476
Indonesia,2004,98.65484619140624,20.12598,2.74846005439758,2.60028587633414
Indonesia,2005,98.99201202392578,20.41336,2.87281990051269,3.60202476259646
Indonesia,2007,100.2713623046875,18.81593,3.04426002502441,5.78627472934199
Indonesia,2008,99.19603729248048,20.68852,2.90190005302429,7.917500019
Indonesia,2009,100.19912719726562,19.77613,3.52513003349304,6.92
Indonesia,2010,102.53489685058594,19.0117,2.81227993965149,10.92
Indonesia,2011,102.35930633544922,18.9804,3.18944001197815,12.28
Indonesia,2012,109.12262725830078,18.59225,3.40748000144958,14.52
Indonesia,2013,107.1662139892578,16.09408,3.35904002189636,14.94
Indonesia,2014,109.71356201171876,16.55935,3.28800988197327,17.1431598350566
Indonesia,2016,107.9646987915039,13.97814,1.21023452496964,25.447353701827
Indonesia,2017,106.19600677490234,16.06371,1.05324382490056,32.335806250688
Indonesia,2018,104.97411346435548,17.03493,0.994436460846179,39.9046386385762
"Iran, Islamic Rep.",1995,99.63204956054688,31.91303,4.08178997039795,0.00418
"Iran, Islamic Rep.",2000,95.54469299316406,26.14868,4.03064012527466,0.934190019959829
"Iran, Islamic Rep.",2001,97.64901733398438,25.32444,4.07168006896973,1.48422133163363
"Iran, Islamic Rep.",2002,94.52806091308594,24.38459,4.48487997055054,4.62617511492205
"Iran, Islamic Rep.",2003,91.3379364013672,23.60989,4.36323022842407,6.93372195304053
"Iran, Islamic Rep.",2004,102.32150268554688,22.60443,4.29662990570068,7.49
"Iran, Islamic Rep.",2005,111.3257293701172,21.74286,4.05651998519897,8.100000381
"Iran, Islamic Rep.",2006,105.5321273803711,21.84821,4.28998994827271,8.760000229
"Iran, Islamic Rep.",2007,103.71887969970705,21.78506,4.59681987762451,9.470000267
"Iran, Islamic Rep.",2008,106.78643798828124,21.33003,3.91376996040344,12.02
"Iran, Islamic Rep.",2009,108.34752655029295,20.4884,3.84244990348816,13.80000019
"Iran, Islamic Rep.",2015,100.07032012939452,26.77414,2.62911009788513,45.3349761533285
"Iran, Islamic Rep.",2016,98.34705352783205,27.32117,3.17396998405456,53.2267716709857
"Iran, Islamic Rep.",2017,96.6474380493164,28.52479,3.45956993103027,64.0439736249513
Ireland,1992,98.94407653808594,25.89965,5.0056300163269,0.1699999999999999
Ireland,1993,102.32537841796876,24.81039,5.11556005477905,0.281
Ireland,1994,103.36356353759766,24.1795,5.18871021270752,0.5579999999999999
Ireland,1995,104.7500228881836,23.3174,4.87162017822266,1.11
Ireland,1998,97.66880798339844,25.8408,4.28753995895386,8.1
Ireland,1999,96.4492416381836,21.58899,4.13379001617432,10.9
Ireland,2001,94.71307373046876,20.28891,4.08750009536743,23.1388121904053
Ireland,2002,94.96613311767578,19.40672,4.10487985610962,25.85
Ireland,2003,94.87361907958984,18.67253,4.20493984222412,34.31
Ireland,2004,95.5203628540039,18.16768,4.48295021057129,36.99
Ireland,2005,94.95694732666016,17.86512,4.51897001266479,41.61
Israel,2002,96.48371887207033,13.39734,6.24923992156982,17.7645990630493
Israel,2003,96.67865753173828,13.19244,6.13486003875732,19.5933936579649
Israel,2004,97.95767974853516,13.20072,5.75040006637573,22.7704855254035
Israel,2005,94.50772857666016,13.01884,5.56489992141724,25.19400024
Israel,2006,94.5910415649414,13.34666,5.58409023284912,27.8810997
Israel,2007,95.58171844482422,13.14135,5.33169984817505,48.1280621948445
Israel,2008,93.27352905273438,13.02577,5.40716981887817,59.39
Israel,2009,98.91715240478516,13.06781,5.34174013137817,63.12
Israel,2010,95.9538803100586,13.05877,5.40408992767334,67.5
Israel,2011,95.78897094726562,12.50256,5.42928981781006,68.8738779907441
Israel,2013,95.6485595703125,12.11677,5.76972007751465,70.250311945
Israel,2014,95.25626373291016,12.11357,5.69225978851318,75.0177531628076
Israel,2015,98.78568267822266,12.08838,5.79657983779907,77.3520896572253
Israel,2016,94.90853881835938,12.07069,5.80271005630493,79.6531241815281
Italy,1994,103.52239990234376,10.24048,4.42311000823975,0.192
Italy,1995,102.5893783569336,10.96617,4.3087100982666,0.524
Italy,1996,103.10530090332033,11.18279,4.43967008590698,1.02
Italy,1999,101.42089080810548,11.33403,4.50165987014771,14.4
Italy,2000,101.4782485961914,10.95841,4.27996015548706,23.1108742441037
Italy,2001,101.7095184326172,10.69891,4.63416004180908,27.2221169788811
Italy,2002,100.01907348632812,10.59096,4.41520977020264,28.04
Italy,2003,100.5914306640625,10.8275,4.52654981613159,29.04
Italy,2004,102.72569274902344,10.61624,4.37002992630005,33.24
Italy,2005,102.51544952392578,10.49472,4.22292995452881,35.0
Italy,2006,102.2209930419922,10.55403,4.50464010238647,37.99
Italy,2007,103.00318145751952,10.32595,4.08763980865479,40.79
Italy,2013,99.56632995605467,12.03423,4.12192010879517,58.4593
Italy,2014,99.31852722167967,12.06786,4.04026985168457,55.6384602242293
Italy,2015,98.95012664794922,12.02716,4.05422019958496,58.1417349568747
Italy,2016,98.4906234741211,11.12385,3.795490026474,61.3242527666303
Italy,2017,99.5705108642578,11.48066,4.02662992477417,63.0773469984291
Jamaica,1990,91.87506103515624,33.64659,4.7791600227356,0.0
Jamaica,2004,81.7724609375,27.53374,3.91254997253418,10.0
Jamaica,2011,87.78247833251953,23.39354,6.26664018630981,37.438613414848
Jamaica,2012,104.02108001708984,22.85664,6.1124701499939,33.79
Jamaica,2013,99.18353271484376,21.67349,6.25106000900269,37.1
Jamaica,2014,94.07141876220705,22.08221,6.01584005355835,40.4027351046672
Jamaica,2015,90.4028778076172,21.97603,5.45523023605347,42.2212211907441
Jamaica,2016,87.9267807006836,22.64723,5.31459999084473,44.3668563671334
Jamaica,2017,89.7497329711914,22.10634,5.26015996932983,55.0720670507751
Jamaica,2018,85.40872192382812,24.79434,5.41379022598267,68.2145170876072
Jordan,2014,94.37683868408205,16.90871,3.76692408663556,46.2
Jordan,2016,94.2947006225586,18.36314,3.45282006263733,56.15000153
Jordan,2017,94.39926147460938,21.03903,3.21305990219116,64.5
Jordan,2018,95.72471618652344,18.53699,2.95461988449097,65.2
Kazakhstan,1995,96.2937469482422,20.34234,4.0344500541687,0.0113
Kazakhstan,1997,95.07795715332033,22.61298,4.37343978881836,0.0646
Kazakhstan,2002,96.6513671875,18.89743,3.02970004081726,1.67477099516366
Kazakhstan,2004,103.62338256835938,17.93263,2.25590991973877,2.6503946570164
Kazakhstan,2005,103.58912658691406,17.26973,2.26353001594544,2.961699963
Kazakhstan,2006,100.99771118164062,16.77062,2.62679004669189,3.268399954
Kazakhstan,2007,100.09854125976562,16.5296,2.83138990402222,4.02
Kazakhstan,2008,102.64698028564452,16.63423,2.58946990966797,11.0
Kazakhstan,2009,100.0922393798828,16.40689,3.06072998046875,18.2
Kazakhstan,2010,101.148681640625,16.24776,3.58735481721566,31.6
Kazakhstan,2011,107.4547119140625,16.35795,3.6143401736456,50.6
Kazakhstan,2012,102.20160675048828,16.19104,3.90163701288194,61.9066274652008
Kazakhstan,2013,101.62667846679688,16.48238,3.44564886564109,63.30422443
Kazakhstan,2014,102.4906005859375,16.85665,3.42903954512824,66.0
Kazakhstan,2015,100.46361541748048,16.2004,2.78858995437622,70.82993359566
Kazakhstan,2016,99.31481170654295,18.5511,2.9780900478363,74.5877264735738
Kazakhstan,2017,99.60958862304688,20.75555,2.75081992149353,76.4267482325439
Kazakhstan,2018,101.41922760009766,19.63913,2.61595010757446,78.9039190578816
Kazakhstan,2019,98.42286682128906,17.21457,2.8569700717926,81.8776204746284
Kenya,2004,86.1129379272461,39.53539,6.79693984985352,3.0235280420962
Kenya,2005,87.9280014038086,41.97553,7.3356499671936,3.101900101
Kenya,2014,99.56896209716795,31.35317,4.7172999382019,16.5
Kenya,2015,102.08457946777344,30.65055,4.74349021911621,16.5878548475992
Kiribati,1999,102.44564819335938,24.66093,9.70559024810791,1.21
Kiribati,2000,95.17642211914062,31.66522,10.0424404144287,1.78522547397736
Kiribati,2001,111.9613037109375,23.63404,11.649169921875,2.33745894837722
Kiribati,2014,102.69197082519533,26.37134,11.513136036036,12.25
Kiribati,2016,101.17749786376952,25.73171,11.646473381295,19.41939926
"Korea, Rep.",1990,98.52076721191406,36.2812,2.94824004173279,0.0233
"Korea, Rep.",1991,90.07823944091795,35.5886,3.38478994369507,0.0460999999999999
"Korea, Rep.",1992,97.3689193725586,34.43027,3.46676993370056,0.0984
"Korea, Rep.",1993,97.06472778320312,32.81966,3.57816004753113,0.25
"Korea, Rep.",1994,104.24446105957033,31.25408,2.92028999328613,0.311
"Korea, Rep.",1995,108.74266815185548,29.70537,2.83677005767822,0.8200000000000001
"Korea, Rep.",1998,98.54985809326172,30.90497,3.24974989891052,6.78
"Korea, Rep.",1999,100.65888214111328,32.22547,3.25048995018005,23.6
"Korea, Rep.",2015,100.52174377441406,16.55424,4.24247980117798,89.8962557995106
"Korea, Rep.",2016,103.80220794677734,16.30703,4.11502981185913,92.8430256796075
"Korea, Rep.",2017,97.85685729980467,16.28669,4.10775995254517,95.0694218761004
Kuwait,1996,89.68988800048828,14.55227,5.85961008071899,0.856
Kuwait,1997,84.68226623535156,14.07525,5.5826301574707,2.17
Kuwait,2001,86.7174072265625,13.4826,6.5858302116394,8.55179243431475
Kuwait,2002,95.6789093017578,13.59342,6.551109790802,10.2489679289296
Kuwait,2004,103.6227569580078,12.84563,5.53506994247437,22.9271120360078
Kuwait,2005,114.24131774902344,12.06221,4.73833990097046,25.92609978
Kyrgyz Republic,1999,90.78328704833984,24.4244,4.0852198600769,0.205
Kyrgyz Republic,2000,89.36122131347656,24.14416,3.50838994979858,1.04140114469361
Kyrgyz Republic,2001,88.97268676757812,24.41889,3.85418009757996,3.00294132719239
Kyrgyz Republic,2002,89.12124633789062,24.03802,4.44545984268188,2.99926518003089
Kyrgyz Republic,2003,86.67471313476562,24.45576,4.47541999816895,3.90876626828521
Kyrgyz Republic,2004,91.57032012939452,24.23079,4.62243986129761,5.09038530732863
Kyrgyz Republic,2005,96.97852325439452,24.48841,4.87384986877441,10.53380013
Kyrgyz Republic,2006,96.56388092041016,23.84174,5.54987001419067,12.30690002
Kyrgyz Republic,2007,94.64012145996094,24.2314,6.46697998046875,14.03
Kyrgyz Republic,2008,95.49593353271484,24.19711,5.91317987442017,15.69999981
Kyrgyz Republic,2009,97.85894775390624,24.03166,6.23267984390259,16.0
Kyrgyz Republic,2010,96.7557144165039,24.28436,5.81884002685547,16.29999924
Kyrgyz Republic,2011,96.5340805053711,24.91639,6.79061985015869,17.5
Kyrgyz Republic,2012,95.62020111083984,23.89988,7.38423013687134,19.79999924
Kyrgyz Republic,2013,97.46369934082033,24.54686,6.78020000457764,23.0
Kyrgyz Republic,2014,99.49057006835938,25.30667,5.53159999847412,28.29999924
Kyrgyz Republic,2015,103.97234344482422,26.19366,5.98551988601685,30.24699974
Kyrgyz Republic,2016,99.47943878173828,25.03207,6.58616018295288,40.52619934
Kyrgyz Republic,2017,97.37004089355467,24.91353,6.02618980407715,50.80530167
Kyrgyz Republic,2018,98.945068359375,24.98946,5.55267000198364,62.8
Lao PDR,2000,67.02333068847656,30.13631,1.50369000434876,0.111044032290124
Lao PDR,2001,67.05354309082031,29.9336,1.9902800321579,0.181664460654566
Lao PDR,2002,67.66983795166016,29.87763,2.82522010803223,0.267899241309349
Lao PDR,2004,69.12255096435547,31.42554,2.41300010681152,0.361434490258043
Lao PDR,2005,72.98809051513672,31.47889,2.4140899181366,0.850399971
Lao PDR,2006,76.97559356689453,31.03166,2.95879006385803,1.16989994
Lao PDR,2007,79.48916625976562,30.12454,3.07841992378235,1.64
Lao PDR,2008,81.09822082519531,30.49379,2.27854990959167,3.55
Lao PDR,2009,82.1803207397461,29.15319,1.65485000610352,6.0
Lao PDR,2010,84.53758239746094,28.83207,1.70978999137878,7.0
Lao PDR,2011,89.35810852050781,26.80852,1.70801997184753,9.0
Lao PDR,2012,92.96148681640624,27.12631,1.82147002220154,10.74769974
Lao PDR,2013,98.38397216796876,25.59771,3.23380994796753,12.5
Lao PDR,2014,100.34333038330078,25.1565,2.93781995773315,14.26000023
Lao PDR,2015,101.07270050048828,24.15685,2.73689787884215,18.20000076
Lao PDR,2016,99.6043472290039,22.95564,2.77442976110388,21.87000084
Lao PDR,2017,100.82189178466795,22.33745,2.49797261414021,25.51040077
Lao PDR,2018,98.24398040771484,22.33717,2.33501229018316,36.27130127
Latin America & Caribbean,2006,94.64788055419922,23.65543,3.91671991348267,20.7
Latin America & Caribbean,2007,95.69712829589844,23.90935,4.08301019668579,23.7
Latin America & Caribbean,2008,95.79370880126952,23.56049,4.60607004165649,26.4
Latin America & Caribbean,2009,96.28057098388672,23.3968,5.46355009078979,31.0
Latin America & Caribbean,2010,96.68328094482422,23.06108,4.60028982162476,34.6
Latin America & Caribbean,2011,96.82298278808594,22.71553,4.14937019348145,39.3
Latin America & Caribbean,2012,97.6985092163086,22.24679,4.76829504966736,43.0
Latin America & Caribbean,2013,97.56124877929688,22.24736,4.87855005264282,46.1
Latin America & Caribbean,2014,97.98887634277344,21.96339,4.69057488441467,48.7
Latin America & Caribbean,2015,96.62339782714844,21.72139,4.447491575390625,54.4
Latin America & Caribbean,2016,96.15960693359376,21.55642,4.41408840162469,57.5
Latin America & Caribbean,2017,95.28681182861328,21.34033,4.407695055007935,60.2
Latin America & Caribbean,2018,94.5342025756836,21.30215,4.46145347505506,63.5
Latvia,1996,73.45713806152344,13.51019,5.41694021224976,0.8130000000000001
Latvia,1997,85.64662170410156,13.47542,5.66772985458374,2.0500000000000003
Latvia,1999,100.17459869384766,15.38549,5.69789981842041,4.390000000000001
Latvia,2000,99.42994689941406,15.10006,5.40854978561401,6.31906208267861
Latvia,2001,100.46698760986328,14.99391,5.56101989746094,7.21934580836289
Latvia,2002,99.56717681884766,14.34437,5.78911018371582,21.94
Latvia,2003,101.00830841064452,13.70082,5.2944598197937,26.98
Latvia,2004,104.95696258544922,12.97768,5.04684019088745,38.58
Latvia,2006,102.69387817382812,11.76235,4.94490003585815,53.63
Latvia,2007,101.66496276855467,11.04241,4.89059019088745,59.17
Latvia,2008,102.3786163330078,11.11175,5.63671016693115,63.41
Latvia,2009,101.09027099609376,10.44778,5.67728996276855,66.84
Latvia,2010,102.19275665283205,11.8849,5.14355993270874,68.42
Latvia,2011,99.76600646972656,11.4136,5.24315977096558,69.7499545592245
Latvia,2012,98.53286743164062,11.01496,6.83852005004883,73.1199437663748
Latvia,2013,99.41632843017578,11.16241,7.24962997436523,75.2344
Latvia,2014,100.35784149169922,11.08754,5.47479009628296,75.8261041383556
Latvia,2015,100.01094818115234,11.13249,5.46670007705688,79.2005829239344
Latvia,2016,98.06009674072266,11.3295,4.82350015640259,79.8420977843089
Latvia,2017,99.3118133544922,11.53684,4.52905988693237,80.1140770037369
Lesotho,1997,60.41577911376953,45.60452,11.3640098571777,0.00558
Lesotho,1999,59.83333969116211,44.37094,12.4993495941162,0.0537999999999999
Lesotho,2000,57.89384078979492,47.88354,10.0915498733521,0.211806070361977
Lesotho,2001,60.23408126831055,47.36441,9.36505031585693,0.261150063093855
Lesotho,2002,62.3242301940918,46.9991,10.1004495620728,1.08394313737534
Lesotho,2003,65.40138244628906,46.23628,13.2195701599121,1.53249659019509
Lesotho,2004,68.29070281982422,42.73081,11.1090097427368,2.17552433931097
Lesotho,2005,64.44583892822266,41.58735,12.0796604156494,2.580199957
Lesotho,2006,83.86190795898438,40.78086,11.2712802886963,2.97970818724486
Lesotho,2008,78.18305969238281,35.04477,12.3287401199341,3.58
Lesotho,2015,79.34463500976562,33.08664,7.64272055728181,25.0
Lesotho,2016,81.1535415649414,33.75653,7.55247411216023,32.4538569477365
Liberia,2008,58.68056869506836,24.27877,1.70166003704071,0.529999971
Liberia,2014,58.09025573730469,26.49841,2.20005011558533,5.409999847
Liberia,2016,60.8017692565918,21.52359,2.11479684223088,15.69999981
Liberia,2017,57.24401473999024,22.32254,2.66330003738403,16.29999924
Liechtenstein,2003,89.7727279663086,9.16529,2.4601399898529,58.8096918372148
Liechtenstein,2004,109.02062225341795,8.71538,2.43333005905151,64.0074481394199
Liechtenstein,2006,101.78117370605467,8.38433,2.05380988121033,64.21420288
Liechtenstein,2007,103.09735107421876,7.12381,1.92119002342224,65.0802002
Liechtenstein,2008,103.64964294433594,6.5,2.04836988449097,70.0
Liechtenstein,2011,100.74256896972656,7.83658,2.55604004859924,85.0
Lithuania,1996,93.00309753417967,16.32927,4.81781005859375,0.2769999999999999
Lithuania,1997,94.05059051513672,16.01284,5.42383003234863,0.978
Lithuania,2001,102.72062683105467,15.95552,5.83644008636475,7.17935699381369
Lithuania,2002,102.5675277709961,16.31386,5.79093980789185,17.69
Lithuania,2003,101.36676788330078,15.55441,5.1067099571228,25.91
Lithuania,2004,103.25765991210938,14.72329,5.14797019958496,31.23
Lithuania,2005,102.04354095458984,14.07004,4.87698984146118,36.22
Lithuania,2006,102.38198852539062,13.64496,4.83653020858765,43.9
Lithuania,2007,104.21470642089844,13.2633,4.59159994125366,49.9
Lithuania,2008,98.42682647705078,12.99866,4.83649015426636,55.22
Lithuania,2009,99.0762710571289,12.80744,5.56941986083984,59.76
Lithuania,2010,99.36398315429688,12.84839,5.36880016326904,62.12
Lithuania,2011,99.0966567993164,12.41205,5.15469980239868,63.6399774002179
Lithuania,2012,101.1034927368164,12.43042,4.78232002258301,67.2299893276414
Lithuania,2013,101.38800048828124,12.61606,4.62416982650757,68.4529
Lithuania,2014,101.04054260253906,12.80832,4.5076699256897,72.1335378644566
Lithuania,2015,98.67507934570312,12.86014,4.21646022796631,71.3780590101754
Lithuania,2016,100.63612365722656,13.22845,4.01143980026245,74.3766455618662
Lithuania,2017,101.58206176757812,13.51703,3.81236004829407,77.6152565124514
Low income,2008,58.69987106323242,45.24996,2.55433988571167,3.0
Low income,2010,62.361698150634766,43.14874,2.49779498577118,4.3
Low income,2011,61.94731140136719,42.53344,2.85346007347107,4.9
Low income,2012,62.2513313293457,41.65819,2.566410878077435,5.4
Low income,2013,60.883731842041016,41.48549,2.63821423826355,6.0
Low income,2014,61.78725051879883,40.90913,2.7371150255203247,6.9
Low income,2015,61.99549865722656,40.13131,3.207386320059955,7.9
Low income,2016,63.16447067260742,39.76567,2.59244990348816,10.0
Low income,2017,63.90058898925781,39.80427,2.76899003982544,11.4
Low income,2018,65.04737091064453,39.82732,3.02797496318817,13.8
Lower middle income,2005,81.35337829589844,33.96956,3.18876004219055,3.6
Lower middle income,2006,83.28694152832031,33.68613,3.27317500114441,4.4
Lower middle income,2008,85.18524932861328,33.59626,3.8051700592041,6.4
Lower middle income,2009,86.63388061523438,32.72449,3.619500041008,7.5
Lower middle income,2010,86.3190689086914,31.96993,3.655845046043395,10.1
Lower middle income,2011,85.91252899169922,30.98056,3.6896179256516897,12.2
Lower middle income,2012,86.78472137451172,31.0889,3.781251247593115,13.6
Lower middle income,2013,87.0025634765625,28.75672,4.43894951297476,15.2
Lower middle income,2014,88.26949310302734,28.4329,3.66711166353218,17.2
Lower middle income,2015,88.79425048828125,28.01515,3.89557575464877,19.5
Lower middle income,2016,88.7857666015625,28.87083,3.9290950298309353,21.9
Lower middle income,2017,88.72866821289062,28.62456,3.734995007514955,24.4
Lower middle income,2018,88.69548797607422,28.87235,3.72552502155304,27.2
Luxembourg,2012,83.72274780273438,8.37204,3.87815999984741,91.9499237417387
Luxembourg,2014,81.59065246582031,8.16851,3.85569000244141,94.6702052774766
Luxembourg,2015,80.56880187988281,8.45773,3.76792001724243,96.3767141704759
"Macao SAR, China",1999,93.18720245361328,31.15814,3.33664989471436,9.21
"Macao SAR, China",2000,95.30233001708984,29.95057,3.31438994407654,13.6085897418451
"Macao SAR, China",2001,97.85413360595705,28.30936,2.71446990966797,22.5212167700561
"Macao SAR, China",2002,101.84851837158205,27.45545,2.84295988082886,25.1718801643395
"Macao SAR, China",2003,99.38983917236328,25.9548,2.78016996383667,25.7421239826498
"Macao SAR, China",2004,102.80921936035156,24.43137,2.23348999023438,31.4840973824121
"Macao SAR, China",2005,93.63191223144533,23.24487,2.2778799533844,34.86289978
"Macao SAR, China",2006,96.26930236816406,21.48361,2.19386005401611,46.4
"Macao SAR, China",2007,91.6091079711914,20.35352,2.04345011711121,47.32699966
"Macao SAR, China",2008,91.8502197265625,18.24476,2.1964099407196,49.24
"Macao SAR, China",2009,92.72411346435548,17.33943,2.53323006629944,54.0
"Macao SAR, China",2010,98.05333709716795,16.05961,2.61848998069763,55.198
"Macao SAR, China",2011,97.12393951416016,14.84707,2.67528009414673,60.2036967182195
"Macao SAR, China",2012,101.94219970703124,14.10087,3.32516002655029,61.31
"Macao SAR, China",2013,97.8249969482422,13.70592,2.05048990249634,65.8
"Macao SAR, China",2014,95.23076629638672,13.69802,2.04853010177612,69.7809492200465
"Macao SAR, China",2015,91.78946685791016,14.08362,3.00247001647949,77.6001318608868
"Macao SAR, China",2016,93.30769348144533,13.85535,3.09952998161316,81.6429854646415
"Macao SAR, China",2017,106.10526275634766,13.50974,2.70949006080627,83.1740890688259
"Macao SAR, China",2018,95.62222290039062,13.49843,2.7334098815918,83.7940896091516
Madagascar,1998,29.16790008544922,46.55921,1.58879005908966,0.0626
Madagascar,1999,32.17013168334961,47.15347,2.40500998497009,0.169
Madagascar,2000,35.07632064819336,47.95381,2.4386899471283,0.196394691006341
Madagascar,2001,34.34605026245117,46.69824,2.707200050354,0.222511586178292
Madagascar,2002,34.38739013671875,47.48805,2.23179006576538,0.339720154596142
Madagascar,2003,38.03414916992188,51.64584,2.61094999313354,0.423252419277809
Madagascar,2004,43.5429801940918,52.38012,2.81261992454529,0.525353654946669
Madagascar,2005,55.17699813842773,53.5879,3.30962991714477,0.567700028
Madagascar,2006,54.07469177246094,48.14341,2.83097004890442,0.607599974
Madagascar,2007,58.3818588256836,48.7325,2.90274000167847,0.649999976
Madagascar,2008,64.90762329101562,47.15533,2.55433988571167,1.649999976
Madagascar,2009,72.18083190917969,47.90319,2.82512998580933,1.629999995
Madagascar,2010,69.23423767089844,40.14191,2.28856151148168,1.700000048
Madagascar,2011,70.13771057128906,43.24486,2.38168001174927,1.899999976
Madagascar,2012,68.488525390625,43.06725,2.34067010879517,2.299999952
Madagascar,2013,67.53787231445312,39.76644,1.77695000171661,3.0
Madagascar,2014,67.47068786621094,41.71542,2.3812301158905,3.700000048
Madagascar,2015,67.60498046875,41.1927,2.21011996269226,4.173999786
Madagascar,2016,66.04513549804688,40.606,2.68719005584717,4.713699818
Madagascar,2018,63.12284851074219,39.81169,2.84409999847412,7.747799873
Malawi,1999,69.00401306152344,63.22113,3.43224000930786,0.0873
Malawi,2010,69.34535217285156,79.27172,2.43236994743347,2.26
Malawi,2011,71.07386779785156,76.07357,2.85346007347107,3.33
Malawi,2012,73.93345642089844,74.08589,2.52861185625253,4.350599766
Malawi,2013,78.06613159179688,69.14697,3.72169995307922,5.050000191
Malawi,2014,76.83934783935547,72.71752,3.32569003105164,5.829999924
Malaysia,1993,100.0050811767578,20.01525,4.65463018417358,0.0255
Malaysia,1999,100.2043228149414,20.36262,5.68678998947144,12.3
Malaysia,2000,106.09100341796876,19.55776,5.9716100692749,21.3847311644538
Malaysia,2002,93.67720794677734,18.91971,7.65792989730835,32.3382043389359
Malaysia,2003,91.31749725341795,17.51402,7.50288009643555,34.9711523397291
Malaysia,2004,93.4025421142578,17.48584,5.92389011383057,42.2522656295248
Malaysia,2006,95.3494110107422,15.65511,4.48576021194458,51.6379889864403
Malaysia,2007,95.90628051757812,14.98441,4.37253999710083,55.7
Malaysia,2008,99.60550689697266,14.44237,3.95851993560791,55.8
Malaysia,2009,101.7614517211914,13.13521,5.97418022155762,55.9
Malaysia,2010,98.58724212646484,12.60115,4.96645021438599,56.3
Malaysia,2011,99.6830062866211,12.32447,5.76293992996216,61.0
Malaysia,2012,105.49871826171876,12.00361,5.73902988433838,65.8
Malaysia,2013,100.87806701660156,11.83126,5.48122978210449,57.05751226
Malaysia,2014,100.00846862792967,11.4126,5.21264982223511,63.6654258813225
Malaysia,2015,99.4893035888672,11.521,4.89487981796265,71.0640678111957
Malaysia,2016,96.04283142089844,11.61165,4.75191020965576,78.7883099275229
Malaysia,2017,93.76273345947266,11.6556,4.6753101348877,80.1404790103961
Maldives,2005,132.29957580566406,20.08085,5.0168399810791,6.86960506696215
Maldives,2006,123.41123962402344,16.41787,4.64523983001709,11.0363527828647
Maldives,2008,105.17965698242188,13.2588,4.470290184021,23.2
Maldives,2009,109.32202911376952,12.67736,5.08168983459473,24.8
Maldives,2010,104.89048767089844,11.70072,3.63328003883362,26.53
Maldives,2011,101.26158142089844,12.27511,3.08072996139526,34.0
Maldives,2012,93.0855484008789,11.4094,3.34085988998413,38.93009949
Maldives,2013,89.14185333251953,11.19408,3.3882999420166,44.09999847
Maldives,2014,94.66063690185548,12.02005,3.0885899066925,49.27999878
Maldives,2015,93.35391235351562,10.34037,3.8685998916626,54.4620018
Maldives,2016,97.05724334716795,10.29657,3.66123008728027,59.47750092
Maldives,2017,92.91558074951172,10.16278,3.82268559882407,64.95500183
Mali,2000,28.662839889526367,65.30321,2.97156000137329,0.142545755049184
Mali,2001,32.54936981201172,63.37756,2.65844988822937,0.185897413256084
Mali,2002,33.63045883178711,56.41051,2.8962299823761,0.2270455784917
Mali,2003,36.932159423828125,57.34473,3.8055899143219,0.310364443230575
Mali,2004,38.46495819091797,52.24187,2.95918989181519,0.432819639900985
Mali,2005,40.27241897583008,54.38829,2.74722003936768,0.507099986
Mali,2008,51.583290100097656,51.43719,2.73080992698669,1.57
Mali,2009,53.24982833862305,50.14558,3.14385008811951,1.799999952
Mali,2010,56.09992980957031,50.39826,2.70853996276856,2.0
Mali,2011,56.50693893432617,48.47335,3.14614009857178,2.2
Mali,2013,51.86611175537109,41.29582,2.75836992263794,3.5
Mali,2014,50.77125930786133,42.47449,3.09299993515015,7.0
Mali,2015,48.50984954833984,42.70695,3.19690990447998,10.32999992
Mali,2016,48.57241821289063,39.08605,2.59244990348816,14.0
Mali,2017,46.93080139160156,38.22009,3.18063998222351,18.89999962
Malta,1990,101.40869140625,23.12055,3.83141994476318,0.0
Malta,1998,100.50557708740234,20.85216,4.18536996841431,6.5
Malta,2002,102.37547302246094,19.06585,4.15744018554688,28.92
Malta,2004,101.7663803100586,18.78114,4.430260181427,34.62
Malta,2007,99.32968139648438,16.85152,5.95993995666504,46.9
Malta,2008,101.77342224121094,17.52094,5.47429990768433,50.08
Malta,2010,102.04315948486328,14.29348,6.20798015594482,63.0
Malta,2011,99.4022979736328,12.61131,7.57771015167236,68.0198237885462
Malta,2012,99.13967895507812,11.45141,6.24788999557495,68.1998742928975
Malta,2013,100.43401336669922,13.89999,7.40672016143799,68.9138
Malta,2014,99.13751220703124,13.38202,6.84973001480103,73.1141157845193
Malta,2015,98.23544311523438,13.49445,4.91352987289429,75.9600189752747
Malta,2016,98.2576675415039,13.02685,4.95570993423462,78.0751488032182
Malta,2017,99.48516845703124,12.93931,4.34281015396118,81.0119110762945
Marshall Islands,1999,96.02606201171876,14.92545,13.8498497009277,0.966
Marshall Islands,2002,101.52925872802734,16.9381,8.1951904296875,2.33544457522934
Mauritania,1997,37.24382019042969,50.22827,1.58580005168915,0.00417
Mauritania,1999,44.09231948852539,47.00272,1.72203004360199,0.118
Mauritania,2001,43.963809967041016,41.76436,2.10683989524841,0.261448551967195
Mauritania,2002,41.642879486083984,39.1186,2.27714991569519,0.363229414608579
Mauritania,2006,40.75188064575195,41.41219,1.95850002765655,0.979700029
Mauritania,2012,68.93717956542969,40.12932,2.15821003913879,5.0
Mauritania,2013,70.49549102783203,35.37825,2.29352998733521,6.199999809
Mauritania,2014,66.885986328125,34.37911,2.55796423507035,11.80000019
Mauritania,2015,66.71765899658203,35.81193,2.82956598871445,17.60000038
Mauritius,1990,100.11431121826172,21.12971,3.12822008132935,0.0
Mauritius,1999,99.23085021972656,26.13844,3.88743996620178,4.65
Mauritius,2000,100.87545776367188,26.11761,3.71902990341186,7.28153511499385
Mauritius,2001,101.1899185180664,24.9275,3.07347989082336,8.78090401892036
Mauritius,2002,97.9020004272461,25.19635,3.02024006843567,10.252624671916
Mauritius,2003,98.27094268798828,23.06335,4.35718011856079,12.1871062041308
Mauritius,2004,95.625732421875,21.98676,4.25576019287109,13.6890885885342
Mauritius,2005,97.9792709350586,22.3399,4.02402019500732,15.1722002
Mauritius,2006,92.6295928955078,21.68399,3.64840006828308,16.7
Mauritius,2007,97.43589782714844,21.50505,3.18540000915527,20.22
Mauritius,2008,95.35365295410156,21.66005,3.06307005882263,21.81
Mauritius,2009,93.65299224853516,21.6212,3.04731011390686,22.51
Mauritius,2010,99.8756332397461,21.46053,3.55147004127502,28.33
Mauritius,2011,96.72830963134766,20.35924,3.33207011222839,34.95000076
Mauritius,2012,92.29499816894533,20.93864,3.41820001602173,35.42
Mauritius,2013,96.7915496826172,19.79263,3.56775999069214,40.116825135
Mauritius,2014,93.2743911743164,18.73281,4.81514978408813,44.8032753683379
Mauritius,2015,96.08599090576172,18.82093,4.75847005844116,50.1393184766711
Mauritius,2016,94.60578918457033,17.79444,4.88207006454468,52.19129944
Mauritius,2017,91.7583999633789,17.93769,4.87887001037598,55.4032403002657
Mauritius,2018,95.73372650146484,16.19841,4.67447996139526,58.596169704299
Mexico,1990,91.7957000732422,31.06703,2.32498002052307,0.0
Mexico,1991,91.0740737915039,30.5361,2.54800009727478,0.00588
Mexico,1992,92.10885620117188,30.01775,3.00500988960266,0.0173
Mexico,1994,93.87738037109376,29.14454,3.47706007957458,0.0433
Mexico,1995,97.30711364746094,28.70808,3.49746990203857,0.103
Mexico,1999,97.61762237548828,27.22577,3.36164999008179,1.86
Mexico,2000,96.74742889404295,27.15793,3.80870008468628,5.08138415338066
Mexico,2001,97.52152252197266,26.98308,4.0313401222229,7.0380231165045
Mexico,2002,98.71173858642578,26.87027,4.24307012557983,11.9
Mexico,2003,98.25662994384766,26.66029,4.83262014389038,12.9
Mexico,2004,99.76130676269533,28.47157,4.51204013824463,14.1
Mexico,2005,100.49330139160156,28.3176,4.63395023345947,17.20999908
Mexico,2006,100.93618774414062,28.00397,4.49317979812622,19.52000046
Mexico,2007,101.77731323242188,27.99039,4.47919988632202,20.81
Mexico,2008,101.2164077758789,28.02416,4.60607004165649,21.71
Mexico,2009,99.7480926513672,28.11672,4.94934988021851,26.34
Mexico,2010,100.05081176757812,28.14672,4.93697023391724,31.05
Mexico,2011,100.18697357177734,28.11199,4.9040699005127,37.1762954125184
Mexico,2012,106.49128723144533,28.01636,4.88349008560181,39.75
Mexico,2013,110.1805419921875,27.69096,4.50858020782471,43.46
Mexico,2014,111.53988647460938,27.40876,5.06807994842529,44.3856962723411
Mexico,2015,105.99284362792967,26.92701,5.05087995529175,57.4310429923633
Mexico,2016,104.70217895507812,26.74201,4.75795984268188,59.5404459967255
Mexico,2017,104.32485961914062,26.55228,4.39752006530762,53.0317886110982
"Micronesia, Fed. Sts.",2015,90.92395782470705,19.7106,12.407919883728,31.50110054
Moldova,2014,109.12548065185548,16.80874,6.33807992935181,66.9999982002077
Moldova,2015,107.11296844482422,17.45665,5.76665405944246,69.0000044661932
Moldova,2016,106.62077331542967,17.42007,5.67210006713867,70.9999991066624
Moldova,2017,107.24091339111328,17.68211,5.71017980575562,71.76709747
Moldova,2018,101.78157806396484,17.92314,5.53886985778809,72.54239655
Monaco,2016,150.18051147460938,13.70548,1.37126004695892,95.20819855
Mongolia,1997,74.7586669921875,30.86767,3.948970079422,0.1129999999999999
Mongolia,1998,86.70995330810547,31.67076,5.49302005767822,0.146
Mongolia,1999,86.19172668457031,32.44852,5.14566993713379,0.508
Mongolia,2000,86.7894287109375,32.58434,5.55038022994995,1.25565200358112
Mongolia,2002,96.31957244873048,31.78211,7.21078014373779,2.0395726034818
Mongolia,2015,99.20647430419922,28.222,4.22361993789673,22.5000041337688
Mongolia,2016,96.7439193725586,29.69343,5.18311023712158,22.2657705007562
Mongolia,2017,93.27452087402344,30.37955,4.06898021697998,23.71430016
Morocco,1990,49.576961517333984,24.9825,4.51047992706299,0.0
Morocco,1995,47.58171844482422,28.25967,4.73479986190796,0.00371
Morocco,1998,53.45870971679688,27.70111,4.59940004348755,0.142
Morocco,1999,55.435791015625,28.14105,4.62527990341187,0.176
Morocco,2008,81.38783264160156,26.53204,4.85339021682739,33.1
Morocco,2009,79.1504898071289,26.6096,4.83119010925293,41.3
Morocco,2012,95.4793472290039,25.83553,5.55294838577208,55.4160531914894
Morocco,2014,95.41838836669922,25.66659,5.48276036642721,56.7746379160074
Morocco,2015,95.71690368652344,25.88159,5.133369043677,57.0799993486116
Morocco,2016,94.26103973388672,26.59118,5.08530197423073,58.271236420398
Morocco,2017,91.4058609008789,28.03417,4.73564982004448,61.7622120123071
Morocco,2018,91.35543060302734,26.80065,4.96022713486949,64.8038651924043
Mozambique,1999,14.411250114440918,61.4934,2.64153003692627,0.0563
Mozambique,2004,30.15921974182129,65.23041,3.19837999343872,0.679447835392438
Mozambique,2005,42.51657104492188,66.33962,3.85834002494812,0.854399979
Mozambique,2006,42.00334930419922,67.26054,3.7359299659729,0.842954488044236
Mozambique,2010,60.31753921508789,58.48961,5.24539789470058,4.17
Mozambique,2011,56.42919921875,55.41963,5.53052494030773,4.599999905
Mozambique,2012,53.82984924316406,54.84224,5.5575098991394,5.0
Mozambique,2013,51.59526062011719,54.92451,6.03575992584229,5.5
Mozambique,2014,51.29743957519531,54.83218,6.39920843528224,6.0
Mozambique,2015,51.83055114746094,54.66026,5.91515660575298,6.5
Mozambique,2017,49.80384063720703,52.43683,5.48664999008179,7.7963266079129
Mozambique,2018,55.00016021728515,55.27379,5.38976001739502,10.89999962
Myanmar,2018,103.58843231201172,24.3599,1.99249005317688,29.37899971
Namibia,1999,100.79924011230467,31.77475,7.13076019287109,0.336
Namibia,2000,95.34388732910156,31.59195,6.901780128479,1.64473954726899
Namibia,2001,96.5315170288086,31.59703,6.88886976242065,2.41697944170998
Namibia,2002,93.87539672851562,31.20918,6.7423300743103,2.63369976876116
Namibia,2003,92.71472930908205,31.63484,6.13713979721069,3.35983988553801
Namibia,2006,80.30171966552734,31.44758,6.03171014785767,4.39887064732726
Namibia,2008,80.08434295654297,29.40681,6.40342998504639,5.32900377208954
Namibia,2010,88.72676849365234,29.77842,8.24330043792725,11.6
Namibia,2018,100.3201675415039,25.09173,8.88112249415185,42.8207016
Nepal,1999,61.409629821777344,39.04814,2.89331007003784,0.147
Nepal,2000,64.09516143798828,38.03822,2.9751501083374,0.204651683653029
Nepal,2001,63.6132698059082,37.01662,3.70837998390198,0.240015303375743
Nepal,2002,68.31993865966797,39.86818,3.15282988548279,0.312956060108532
Nepal,2003,68.75459289550781,35.65923,3.11435008049011,0.382810917017044
Nepal,2004,69.70894622802734,35.82852,3.1719400882721,0.449843651215974
Nepal,2005,73.85685729980469,39.71153,3.3646399974823,0.82655126590551
Nepal,2008,80.51892852783203,37.81655,3.8051700592041,1.73
Nepal,2012,106.07308197021484,27.5331,3.29737997055054,11.14929962
Nepal,2013,105.18211364746094,25.63485,3.01811003684998,13.30000019
Nepal,2014,107.68781280517578,23.93286,3.47214007377625,15.43999958
Nepal,2015,110.8179931640625,23.09923,3.25901007652283,17.58160019
Nepal,2016,117.1851577758789,22.42122,3.90320992469788,20.70000076
Nepal,2017,120.80172729492188,20.90655,4.76723003387451,24.3
Nepal,2019,118.21051025390624,19.74396,3.89212886881753,33.33660126
Nicaragua,1999,65.88861846923828,34.3856,2.92365002632141,0.498
Nicaragua,2000,64.53529357910156,35.66299,3.00160002708435,0.980216486692385
Nicaragua,2002,72.64099884033203,35.20899,2.39101004600525,1.71472958428668
Nicaragua,2003,72.19654846191406,34.47031,2.42200994491577,1.88041253242301
Nicaragua,2010,79.3237533569336,30.21638,4.48422002792358,10.0
Niger,1990,15.821669578552246,40.72595,2.07436990737915,0.0
Niger,1996,13.709449768066406,39.04493,2.14417004585266,0.00104
Niger,1999,18.761829376220703,41.06705,2.56854009628296,0.0281
Niger,2000,17.90843963623047,40.66854,2.5650200843811,0.0362612938065891
Niger,2001,19.1660099029541,41.90637,2.27981996536255,0.10518543139701
Niger,2002,20.71758079528809,41.26604,2.40135002136231,0.127152468779619
Niger,2003,19.87936019897461,41.72588,1.93705999851227,0.155698703668983
Niger,2006,31.584449768066406,39.98413,2.55851006507873,0.294
Niger,2007,38.07704925537109,39.67316,3.01462006568909,0.390399992
Niger,2008,36.33551025390625,40.71853,2.72311997413635,0.7
Niger,2009,38.49256896972656,38.83216,3.33588004112244,0.76
Niger,2010,38.698001861572266,38.61445,2.7219500541687,0.829999983
Niger,2011,43.41769027709961,39.00208,3.07762002944946,0.9
Niger,2012,46.8613510131836,38.75524,3.1868200302124,1.049999952
Niger,2013,49.42995071411133,36.31449,3.68953990936279,1.149999976
Niger,2014,59.79206848144531,35.75275,5.10368013381958,1.24867568902241
Niger,2015,70.86245727539062,36.6289,4.48669004440308,2.476200104
Niger,2016,74.75330352783203,36.2582,2.95843005180359,4.322800159
Niger,2017,65.79386901855469,36.33661,2.57818007469177,10.2243115586561
North America,2005,99.60870361328124,14.35163,4.76589012145996,68.3
North America,2007,99.47126007080078,14.04042,4.76642990112305,74.8
North America,2008,99.40457153320312,13.93131,4.62612009048462,74.3
North America,2009,99.33766174316406,14.10519,4.84057998657227,71.9
North America,2010,99.27124786376952,13.83688,5.35637998580933,72.5
North America,2011,99.20231628417967,14.49486,5.26204013824463,71.0
North America,2013,99.06488037109376,14.65794,4.58899021148682,72.8
North America,2014,98.99349975585938,14.73938,4.84358978271484,74.4
North America,2015,98.92378997802734,14.66827,4.835005044937136,76.1
North America,2016,98.85417938232422,14.5456,4.799849987030029,86.1
North America,2017,98.78457641601562,14.42705,5.026474952697755,87.8
North America,2018,99.93427276611328,14.42524,4.89200496673584,89.1
North Macedonia,2002,98.7415771484375,21.18031,3.30014991760254,17.33
Norway,2013,99.80310821533205,8.95778,7.43905019760132,95.0534
Norway,2014,99.72508239746094,8.85048,7.64402008056641,96.3005098242892
Norway,2015,99.55799102783205,8.86857,7.52335977554321,96.810325691365
Norway,2016,99.20728302001952,9.01206,7.98443984985352,97.2982036675068
Norway,2017,99.49916076660156,8.59418,7.84599018096924,96.3576012951191
Oman,1990,66.63168334960938,27.54436,2.49228000640869,0.0
Oman,1996,77.18285369873047,25.74843,2.79576992988586,0.0
Oman,1998,79.39781951904297,26.01145,3.61026000976562,0.8630000000000001
Oman,1999,80.69001007080078,25.40512,3.52912998199463,2.52
Oman,2000,83.38310241699219,25.08144,2.8045699596405,3.52042141651097
Oman,2001,83.41029357910156,23.65903,3.52175998687744,5.89384152148671
Oman,2002,85.90995025634766,21.49871,3.77700996398926,6.87339603918545
Oman,2003,87.93975067138672,19.90897,3.40857005119324,7.25574294536556
Oman,2017,106.85188293457033,10.12768,5.99594020843506,80.18560028
Oman,2018,97.84481048583984,9.67394,4.58565998077393,85.5
Pakistan,2005,54.383819580078125,38.33941,1.67058002948761,6.332300186
Pakistan,2006,53.29896926879883,39.00535,1.98055994510651,6.5
Pakistan,2007,53.3750114440918,39.95136,2.23465991020203,6.800000191
Pakistan,2008,52.92850875854492,40.66857,2.27265000343323,7.0
Pakistan,2009,53.035770416259766,39.68783,2.17916989326477,7.5
Pakistan,2010,55.4675178527832,40.45158,2.05268001556396,8.0
Pakistan,2011,53.04642868041992,39.83264,2.00100994110107,8.0
Pakistan,2012,55.35502243041992,41.35274,1.97880005836487,8.100000381
Pakistan,2013,55.94743728637695,42.54875,2.23698997497559,9.0
Pakistan,2014,56.91347122192383,46.52317,2.2043399810791,10.0
Pakistan,2016,57.8369369506836,47.63465,2.66805005073547,12.385446763381
Pakistan,2018,62.08560180664063,44.0773,2.33216949688293,15.34000015
Panama,1999,89.22496795654297,26.08202,4.75114011764526,3.84
Panama,2000,91.3267822265625,24.73639,4.89397001266479,6.55479647729549
Panama,2001,91.04071807861328,24.3295,4.18935012817383,7.26839987788729
Panama,2002,91.407470703125,24.27752,4.2549901008606,8.51807781515595
Panama,2004,93.45359802246094,24.03741,3.55807995796204,11.1408625409415
Panama,2008,99.77960968017578,24.23802,3.42529010772705,33.82
Panama,2011,99.89167785644533,23.0112,3.07034993171692,42.7
Panama,2014,97.20366668701172,21.98706,3.08107995986939,44.9238152577893
Panama,2017,89.8650131225586,21.96162,3.37834000587463,59.9506309038683
Papua New Guinea,2016,73.65702056884766,35.52165,0.853806396301458,9.601499557
Paraguay,1990,70.4674301147461,24.6966,1.04070997238159,0.0
Paraguay,2002,95.07264709472656,26.9585,3.40773010253906,1.79496959770244
Paraguay,2003,97.28914642333984,27.84307,3.3827600479126,2.11194208210034
Paraguay,2004,96.55303955078124,27.84345,2.86989998817444,3.45243843137079
Paraguay,2012,94.60530090332033,24.15974,3.66877007484436,29.34
Peru,1998,93.34747314453124,25.26655,3.27817988395691,1.1900000000000002
Peru,1999,98.3533706665039,28.75555,3.44133996963501,1.95
Peru,2000,96.97676849365234,28.74385,3.22802996635437,3.07643061137675
Peru,2001,92.91002655029295,29.28379,3.03712010383606,7.57876295717419
Peru,2002,92.81802368164062,25.08563,2.82056999206543,8.96694917040028
Peru,2003,97.91519165039062,23.96144,2.93779993057251,11.6
Peru,2004,98.6212921142578,23.30454,2.95787000656128,14.1
Peru,2005,99.08080291748048,23.02813,2.83903002738953,17.10000038
Peru,2006,100.62252807617188,21.88156,2.65281009674072,20.70000076
Peru,2007,103.47396850585938,21.79327,2.62940001487732,25.20000076
Peru,2008,102.94854736328124,20.87707,2.8677499294281,30.57
Peru,2009,100.9344482421875,20.15716,3.13994002342224,31.4
Peru,2010,103.4362564086914,19.68166,2.86730003356934,34.77
Peru,2011,101.0776596069336,19.5637,2.6635000705719,36.01
Peru,2012,95.70320129394533,19.18832,2.92276000976562,38.2
Peru,2013,98.6836929321289,18.08394,3.29729008674622,39.2
Peru,2014,99.34954833984376,17.66104,3.69599008560181,40.2446560091704
Peru,2015,101.71533203125,17.9767,3.96933007240295,40.8526009090468
Peru,2016,102.23204803466795,18.31765,3.81316995620727,45.4617406869459
Peru,2017,92.08036041259766,17.93677,3.93130993843079,50.4504121848143
Peru,2018,89.45751953125,17.38724,3.71392011642456,55.0543342443197
Philippines,1998,87.79457092285156,34.47868,3.69745993614197,1.1
Philippines,2001,101.28072357177734,35.20686,2.92463994026184,2.52400566008269
Philippines,2002,94.3622817993164,35.38941,2.89222002029419,4.33227574643007
Philippines,2003,94.89774322509766,34.92513,2.93517994880676,4.85767226708512
Philippines,2004,92.96073150634766,34.53153,2.46983003616333,5.2436284521711
Philippines,2005,93.02021026611328,35.07377,2.32806992530823,5.397600174
Philippines,2006,89.94627380371094,34.59417,2.42579007148743,5.74058632534702
Philippines,2007,89.28318786621094,33.66837,2.48518991470337,5.97
Philippines,2008,91.53292846679688,33.7418,2.58282995223999,6.22
Philippines,2009,91.51695251464844,31.43572,2.53777003288269,9.0
Philippines,2014,97.59192657470705,31.35082,2.66454238129968,34.70000076
Philippines,2017,104.43645477294922,29.08352,3.96384087403915,41.59999847
Poland,2001,98.82454681396484,11.14185,5.29358005523682,9.9006697073534
Poland,2003,98.8339385986328,12.65283,5.30664014816284,24.87
Poland,2005,99.01614379882812,11.54338,5.41065979003906,38.81
Poland,2006,99.17713928222656,11.23454,5.18848991394043,44.58
Poland,2007,98.6768035888672,10.63653,4.86086988449097,48.6
Poland,2009,96.74156951904295,9.61028,4.97665977478027,58.97
Poland,2010,97.25617980957033,9.31659,5.08126020431519,62.32
Poland,2011,96.99128723144533,10.15536,4.82901000976562,61.94999896898
Poland,2012,96.82462310791016,10.18568,4.83311986923218,62.3099972714691
Poland,2013,96.32758331298828,10.22951,4.99779987335205,62.8492
Poland,2014,96.20110321044922,10.19245,4.93858003616333,66.5987360557248
Poland,2017,105.2383270263672,10.18051,4.54246997833252,75.9853659493832
Puerto Rico,2015,90.6042022705078,13.89943,3.34032241682023,63.4663353848474
Qatar,1998,91.85848999023438,10.54974,3.57767009735107,3.52
Qatar,1999,95.16864776611328,13.12156,4.34530019760132,4.07
Qatar,2003,85.9227294921875,11.69476,3.37393999099731,19.242336421002
Qatar,2005,84.39379119873047,11.11321,3.97187995910644,24.73349953
Qatar,2008,95.33802795410156,12.50368,4.22755002975464,44.29999924
Qatar,2009,98.15763092041016,11.22017,3.41315007209778,53.09999847
Qatar,2011,97.80078887939452,11.27954,4.01223993301392,69.0
Qatar,2013,94.79192352294922,10.0029,4.07384014129639,85.3
Qatar,2014,89.20913696289062,11.20958,3.60535001754761,91.48999786
Qatar,2017,99.11260223388672,11.77467,2.96745991706848,97.3888491654164
Romania,1996,91.7800064086914,20.0177,3.24121999740601,0.222
Romania,2000,93.98143768310548,18.5625,2.86862993240356,3.61371729139783
Romania,2001,104.97992706298828,18.07554,3.26629996299744,4.53866902895312
Romania,2002,101.1075210571289,17.44205,3.50411009788513,6.58
Romania,2003,96.07311248779295,17.49461,3.54397010803223,8.9
Romania,2004,93.12432098388672,17.47659,3.31273007392883,15.0
Romania,2005,92.4625473022461,16.9932,3.50038003921509,21.5
Romania,2006,92.56426239013672,16.80541,4.30650997161865,24.66
Romania,2008,90.31584167480467,15.86022,4.09722995758057,32.42
Romania,2009,95.69670867919922,15.8262,4.00193023681641,36.6
Romania,2010,96.94674682617188,16.1126,3.41647005081177,39.93
Romania,2011,98.31755828857422,17.36674,2.91359996795654,40.0099967810008
Romania,2012,95.2439193725586,17.56015,2.8234601020813,45.8799942529424
Romania,2015,92.9707489013672,18.90704,3.10693001747131,55.7631556336233
Romania,2016,89.26061248779297,19.32759,3.0255401134491,59.5039512852713
Russian Federation,2000,95.4882583618164,17.58649,2.93979001045227,1.97723010897647
Russian Federation,2001,99.0294189453125,16.99631,3.10601997375488,2.94436778664985
Russian Federation,2008,95.41204833984376,17.44699,4.10174989700317,32.0
Russian Federation,2012,95.74652862548828,19.59062,3.79310011863708,66.0
Russian Federation,2013,94.75923919677734,19.82861,3.76382994651794,67.97
Russian Federation,2014,95.01026153564452,19.80802,4.01387977600098,70.5175682574413
Russian Federation,2015,97.34127807617188,20.14375,3.83402991294861,70.0992412263947
Russian Federation,2016,94.93540954589844,20.61869,3.76044011116028,73.091434617897
Rwanda,1999,24.952800750732425,54.30548,3.857990026474,0.0672
Rwanda,2000,21.16880989074707,54.02683,3.43418002128601,0.0628314595107164
Rwanda,2001,26.540939331054688,51.41724,4.82501983642578,0.240672409832383
Rwanda,2008,53.05561828613281,67.73053,3.50215005874634,4.5
Rwanda,2010,75.87245178222656,64.61867,4.63126993179321,8.0
Rwanda,2012,74.8167724609375,59.27851,4.42103004455566,8.023900032
Rwanda,2013,58.80752182006836,59.81633,4.7421498298645,9.0
Rwanda,2014,64.29730224609375,58.24871,4.19644021987915,10.60000038
Rwanda,2015,63.19805908203125,58.34317,3.64713001251221,12.45600033
Rwanda,2016,67.74500274658203,58.45684,3.43482995033264,14.63710022
Rwanda,2017,76.07218170166016,57.85938,3.1247398853302,17.2
Rwanda,2018,84.22334289550781,59.50859,3.07376003265381,19.16659927
Samoa,1999,94.28378295898438,24.00792,4.0162501335144,0.285
Samoa,2000,93.73477935791016,24.01542,3.63095998764038,0.566392532680849
Samoa,2001,90.01714324951172,25.04545,3.97652006149292,1.68990283058724
Samoa,2002,89.87342071533203,27.23461,3.93932008743286,2.24483267578443
San Marino,2011,93.49845123291016,6.40574,2.70296001434326,49.6
Saudi Arabia,2005,89.34269714355469,11.33458,5.43093013763428,12.7050359882849
Saudi Arabia,2008,89.86357879638672,10.75323,5.13781023025513,36.0
Senegal,1998,42.2954216003418,55.87384,2.47458004951477,0.0799
Senegal,1999,42.18172836303711,48.60013,2.45981001853943,0.311
Senegal,2000,38.93003845214844,50.91758,2.46335005760193,0.403967485868965
Senegal,2001,44.03038024902344,50.83597,2.47150993347168,0.983794058848003
Senegal,2002,46.60049819946289,48.89238,2.59441995620727,1.00645453672323
Senegal,2003,46.44440078735352,46.04819,2.75125002861023,2.10143642986685
Senegal,2004,48.074668884277344,43.20416,3.07778000831604,4.38602398008563
Senegal,2005,53.21184158325195,41.67137,4.06443023681641,4.78668408310535
Senegal,2006,50.62382125854492,38.531,3.82138991355896,5.61173865217952
Senegal,2008,59.12482070922851,36.43514,4.02568006515503,7.119999886
Senegal,2009,59.29280853271485,34.65629,4.92072010040283,7.5
Senegal,2010,58.28850173950195,33.65179,0.544770002365112,8.0
Senegal,2011,60.91120910644531,33.31196,4.90302991867065,9.800000191
Senegal,2012,60.09650039672851,32.69103,4.77698993682861,10.80000019
Senegal,2013,60.46519088745117,32.24855,5.68656015396118,13.10000038
Senegal,2014,60.91278839111328,32.23045,5.72907018661499,17.70000076
Senegal,2015,59.00497817993164,32.09004,5.45634984970093,21.70000076
Serbia,2007,102.61122131347656,17.04045,4.04881000518799,33.15
Serbia,2009,97.9693374633789,16.18402,4.3127498626709,38.1
Serbia,2011,100.60411071777344,15.48102,4.0735502243042,42.2
Serbia,2016,100.08252716064452,14.5183,3.50275993347168,67.0568413716938
Serbia,2017,100.6136474609375,14.28392,3.56539011001587,70.3308355269141
Serbia,2018,98.26622772216795,14.2927,3.43663001060486,73.360709154564
Seychelles,1998,106.04026794433594,14.84451,5.63179016113281,2.53
Seychelles,1999,108.53659057617188,14.56158,4.94468021392822,6.23
Seychelles,2002,103.587158203125,13.886,4.88109016418457,14.3041708309972
Seychelles,2003,115.74858856201172,14.04,5.05177021026611,14.5925043169492
Seychelles,2011,114.65171813964844,13.25457,3.62995004653931,43.16400146
Seychelles,2012,107.7352523803711,12.55556,2.54216003417969,47.07600021
Seychelles,2013,107.83999633789062,13.13464,3.61840009689331,50.40000153
Seychelles,2014,120.41667175292967,13.31118,3.95247006416321,51.25469971
Seychelles,2015,123.26775360107422,13.72171,4.91460990905762,54.25960159
Seychelles,2016,128.52377319335938,13.98602,4.0213098526001,56.51470184
Seychelles,2017,140.54580688476562,14.03261,3.34617325657655,62.55310059
Seychelles,2018,128.93136596679688,14.48826,3.59446940668662,69.23660278
Sierra Leone,2011,65.91793060302734,31.33123,1.61538004875183,0.899999976
Sierra Leone,2012,61.87638473510742,32.99373,1.77787005901337,2.5
Sierra Leone,2013,60.4438705444336,34.83163,1.56069004535675,4.0
Sierra Leone,2015,59.05435562133789,33.75042,3.21786273563993,6.344399929
Sierra Leone,2016,68.672119140625,37.33182,1.84832000732422,7.680099964
Sierra Leone,2017,69.05448150634766,39.43821,3.0150101184845,9.297100067
Sierra Leone,2018,80.01641845703125,27.52246,4.46809005737305,14.42230034
Singapore,2016,99.78926849365234,15.0593,2.94466258946576,84.4522678893074
Singapore,2017,99.25823974609376,14.69428,2.87916382421742,84.4522678893074
Slovak Republic,1993,96.47405242919922,22.10757,4.3918399810791,0.128
Slovak Republic,1994,97.5451431274414,22.39318,3.66429996490479,0.319
Slovak Republic,1995,96.83358764648438,21.97551,4.24178981781006,0.523
Slovak Republic,1999,100.59719848632812,18.76821,4.10291004180908,5.44
Slovak Republic,2000,98.83982849121094,17.57749,3.86823010444641,9.42680320061637
Slovak Republic,2001,100.99717712402344,19.70391,3.94236993789673,12.5283218484637
Slovak Republic,2002,99.52301788330078,19.11084,4.25193023681641,40.14
Slovak Republic,2003,99.51252746582033,18.39264,4.23699998855591,43.04
Slovak Republic,2004,103.28825378417967,17.67725,4.11747980117798,52.89
Slovak Republic,2005,101.0486831665039,17.50733,3.77565002441406,55.19
Slovak Republic,2006,98.06807708740234,17.20096,3.70850992202759,56.08
Slovak Republic,2007,97.25231170654295,15.34656,3.52223992347717,61.8
Slovak Republic,2008,97.66899871826172,16.61387,3.52339005470276,66.05
Slovak Republic,2009,97.0059585571289,15.71918,4.00893020629883,70.0
Slovak Republic,2010,96.48966217041016,15.24042,4.04704999923706,75.71
Slovak Republic,2011,98.52536010742188,15.07841,3.90686988830566,74.4399971746757
Slovak Republic,2012,95.3589324951172,14.94005,3.85490989685059,76.7099901181121
Slovak Republic,2013,94.79032135009766,15.04676,4.06078004837036,77.8826
Slovak Republic,2014,93.00495910644533,15.23635,4.20446014404297,79.9843017656729
Slovak Republic,2015,93.85343933105467,15.24933,4.56416988372803,77.6346820339875
Slovak Republic,2016,93.71685028076172,15.2188,3.88375997543335,80.475857275668
Slovak Republic,2017,94.3130111694336,15.53919,3.91876006126404,81.6256675172655
Slovenia,1993,95.4805679321289,17.59747,4.9570198059082,0.41
Slovenia,1994,95.1767120361328,15.67941,4.69971990585327,1.0699999999999998
Slovenia,1995,96.7037124633789,15.07139,4.90210008621216,2.9000000000000004
Slovenia,2001,98.28742980957033,12.99654,5.81461000442505,30.1759104700854
Slovenia,2002,96.92548370361328,12.4976,5.74013996124268,27.8388854180687
Slovenia,2003,104.88385009765624,12.65035,5.75657987594604,31.8547930120441
Slovenia,2008,94.3789291381836,17.44067,5.13438987731934,58.0
Slovenia,2009,95.7362289428711,17.15585,5.62079000473022,64.0
Slovenia,2010,97.58753967285156,17.01688,5.59362983703613,70.0
Slovenia,2011,97.33177947998048,16.7077,5.58290004730225,67.3399948092396
Slovenia,2012,97.185791015625,16.78039,5.6702299118042,68.3499745287825
Slovenia,2013,97.28376770019533,16.8859,5.46767997741699,72.6756
Slovenia,2014,97.49945068359376,16.74887,5.34328985214233,71.5862515855601
Slovenia,2015,98.24542236328124,16.90462,4.95528984069824,73.0986599745829
Slovenia,2016,96.56419372558594,13.80157,4.84419012069702,75.4985042610791
Solomon Islands,2010,84.3476333618164,19.91627,7.47837018966675,5.0
South Africa,1991,87.4698715209961,26.66773,5.25961017608643,0.0133
South Africa,1999,75.15834045410156,35.93639,5.29117012023926,4.12
South Africa,2000,73.19886016845703,34.90296,4.90882015228271,5.34855973203537
South Africa,2002,76.33392333984375,35.28227,4.54569005966187,6.71032243705404
South Africa,2003,80.14585876464844,35.37191,4.35209989547729,7.00769172611251
South Africa,2004,86.35211944580078,35.54274,4.50897979736328,8.4251186825406
South Africa,2015,96.1466064453125,30.3322,5.48285007476807,51.91910172
South Asia,2005,81.45561218261719,40.78047,3.276700019836425,2.1
South Asia,2006,83.31575012207031,40.62981,3.14284992218018,2.6
South Asia,2007,85.29601287841797,40.32514,2.8597149848938,3.7
South Asia,2008,87.02430725097656,39.30997,2.9298700094223,4.1
South Asia,2009,88.43657684326172,38.23183,2.66707503795624,4.9
South Asia,2010,87.90782928466797,37.15236,3.377690076828,7.1
South Asia,2011,87.08892059326172,35.84928,2.9644399881362897,9.4
South Asia,2012,88.29680633544922,35.8043,2.7364399433136004,10.4
South Asia,2013,89.08428192138672,33.48807,2.492139995098115,11.7
South Asia,2014,90.9798812866211,32.788,2.785428352322315,13.0
South Asia,2015,91.90292358398438,32.7214,2.6844950914382952,14.7
South Asia,2016,91.98861694335938,35.55419,3.5662499666214,16.7
South Asia,2017,91.88387298583984,33.24849,3.4493049383163497,18.8
South Asia,2018,91.0706024169922,33.24669,3.229262358191585,20.9
South Sudan,2015,20.554786682128903,46.75029,1.46555995941162,3.0
Spain,1990,104.35523223876952,23.48296,3.63618993759155,0.0128999999999999
Spain,1993,103.75157928466795,19.99801,4.24793004989624,0.128
Spain,1994,105.17415618896484,19.2214,4.48788022994995,0.2799999999999999
Spain,2004,100.570068359375,13.93149,4.15485000610352,44.01
Spain,2006,99.95606231689452,13.58265,4.17999982833862,50.37
Spain,2007,99.91104125976562,12.8265,4.24615001678467,55.11
Spain,2008,99.23150634765624,12.42388,4.51630020141602,59.6
Spain,2009,98.52284240722656,12.62216,4.89520978927612,62.4
Spain,2010,99.19822692871094,12.40145,4.83606004714966,65.8
Spain,2011,96.48922729492188,12.39876,4.71897983551025,67.0899993926581
Spain,2012,96.81300354003906,12.60121,4.46012020111084,69.8099999420024
Spain,2013,96.5905990600586,13.31975,4.32852983474731,71.635
Spain,2014,96.51920318603516,13.09629,4.27524995803833,76.1867089778712
Spain,2015,96.10134887695312,13.18623,4.24903011322021,78.6896318703515
Spain,2016,94.7013168334961,12.99102,4.19327020645142,80.5613329432179
Spain,2017,96.67601776123048,13.13172,4.17846012115479,84.6022457016524
Sri Lanka,2009,91.43412017822266,23.14925,2.05590009689331,5.868500233
Sri Lanka,2010,97.04297637939452,23.91437,1.66176998615265,6.912399769
Sri Lanka,2011,97.20528411865234,24.06572,1.74292004108429,7.956399918
Sri Lanka,2012,94.71099853515624,24.4299,1.45343005657196,9.00039959
Sri Lanka,2013,95.9955596923828,23.74954,1.5645899772644,10.04440022
Sri Lanka,2014,95.30307006835938,23.65918,1.85859000682831,10.5000026214106
Sri Lanka,2015,95.02137756347656,23.15243,2.10998010635376,15.26249981
Sri Lanka,2016,96.02176666259766,23.16642,3.22929000854492,22.19
Sri Lanka,2017,97.05101776123048,22.93257,2.59316992759705,25.07550049
St. Kitts and Nevis,2000,101.16156005859376,19.44382,4.74038982391357,5.86281024037522
St. Kitts and Nevis,2001,100.84387969970705,18.92113,4.4215497970581,7.71472655580319
St. Kitts and Nevis,2002,107.27469635009766,16.68394,3.92051005363464,21.152381758186
St. Kitts and Nevis,2003,98.64713287353516,17.39402,3.79099011421204,22.9697842928439
St. Kitts and Nevis,2004,110.9283218383789,17.42234,3.9713499546051,24.7376775443732
St. Kitts and Nevis,2005,110.77481842041016,17.63889,3.83144998550415,34.0
St. Kitts and Nevis,2007,102.1065673828125,16.5914,4.1938099861145,43.5
St. Kitts and Nevis,2010,102.76775360107422,14.11964,2.54554015619203,63.0
St. Kitts and Nevis,2011,108.1927719116211,13.05664,2.49706527276352,63.20000076
St. Kitts and Nevis,2012,111.4609603881836,15.0961,2.49200145387318,64.0
St. Kitts and Nevis,2013,114.51612854003906,14.51688,3.26205857202123,64.59999847
St. Kitts and Nevis,2014,108.98876190185548,13.798,2.85307503792741,65.38179779
St. Kitts and Nevis,2015,118.14158630371094,15.09945,2.54938006401062,66.17310333
St. Kitts and Nevis,2016,110.6481475830078,13.87277,3.00076147453842,66.97389984
St. Lucia,2003,107.97293090820312,22.27833,3.53449010848999,20.9824734633424
St. Lucia,2004,107.17037200927734,22.68667,3.43646001815796,21.395212362765
St. Lucia,2005,102.23213958740234,21.96925,4.23895978927612,21.5675829464215
St. Lucia,2006,108.30357360839844,23.52838,4.69669008255005,24.5
St. Lucia,2008,98.3707275390625,21.409,4.48353004455566,30.0
St. Lucia,2009,98.94400024414062,19.96736,3.0676600933075,31.0
St. Lucia,2010,94.33836364746094,18.53758,3.4828999042511,32.5
St. Lucia,2011,95.9368667602539,17.64146,3.5988199710846,34.0
St. Lucia,2012,95.59918975830078,17.24099,3.29098010063171,45.865
St. Lucia,2013,93.20182800292967,16.66479,3.87661004066467,49.3871994
St. Lucia,2014,98.10690307617188,14.21546,3.89103007316589,53.17969894
St. Lucia,2016,93.6021728515625,15.12879,5.20954990386963,58.22259903
St. Lucia,2017,89.64827728271484,15.2315,3.6273152206015,59.16009903
St. Lucia,2018,91.50595092773438,14.73909,3.33277988433838,60.11259842
St. Vincent and the Grenadines,2003,86.99626159667969,17.55796,8.17488956451416,6.46227416659743
St. Vincent and the Grenadines,2010,99.24281311035156,16.27396,4.80839014053345,33.70000076
St. Vincent and the Grenadines,2015,109.40534210205078,14.89632,4.95614634835429,49.40000153
St. Vincent and the Grenadines,2016,112.85443878173828,14.51432,5.45265007019043,51.5
St. Vincent and the Grenadines,2017,105.46272277832033,14.39337,5.37974977493286,53.70000076
St. Vincent and the Grenadines,2018,118.34089660644533,14.39258,5.22357988357544,56.0
Sub-Saharan Africa,2005,60.587989807128906,42.76424,2.91943001747131,2.0
Sub-Saharan Africa,2006,63.40367126464844,43.41366,2.9204449653625497,2.6
Sub-Saharan Africa,2008,64.00865936279297,43.81452,2.77728009223938,3.6
Sub-Saharan Africa,2009,67.28430938720703,43.17023,3.116560101509095,4.3
Sub-Saharan Africa,2010,67.49758911132812,41.61294,3.07808995246887,6.0
Sub-Saharan Africa,2011,67.31683349609375,40.82243,3.07762002944946,7.5
Sub-Saharan Africa,2012,67.38494110107422,42.22734,3.2816699743270847,9.2
Sub-Saharan Africa,2013,67.2551498413086,38.79557,3.56775999069214,11.2
Sub-Saharan Africa,2014,67.55790710449219,37.98205,3.32569003105164,13.4
Sub-Saharan Africa,2015,67.7615966796875,37.50596,3.570629954338075,16.2
Sub-Saharan Africa,2016,68.19146728515625,37.50599,3.28257989883423,18.3
Sub-Saharan Africa,2017,68.578857421875,37.36845,3.53460991382599,20.0
Sub-Saharan Africa,2018,69.37561798095703,37.36194,3.38626492023468,22.0
Suriname,2015,83.61398315429688,13.33105,5.53479610522553,42.76380157
Suriname,2016,81.36550903320312,13.35066,5.64051904970974,45.40000153
Suriname,2017,79.27082061767578,12.92371,5.45861311514349,48.94520187
Suriname,2018,79.52462768554688,13.39335,4.92259355761269,55.10210037
Sweden,1993,103.191162109375,9.5482,5.51494979858398,1.72
Sweden,1999,101.12521362304688,12.3228,6.84251022338867,41.4
Sweden,2000,101.01634216308594,11.83778,6.7383599281311,45.6876522122282
Sweden,2001,100.19760131835938,11.40012,6.61482000350952,51.7656649372808
Sweden,2002,100.1185073852539,11.46596,6.91077995300293,70.57
Sweden,2003,99.7502212524414,11.18875,6.79678010940552,79.13
Sweden,2004,99.63378143310548,10.10989,6.6729998588562,83.89
Sweden,2005,99.58704376220705,10.05038,6.51516008377075,84.83
Sweden,2006,99.85169219970705,9.96625,6.37277984619141,87.76
Sweden,2007,99.66287231445312,9.8046,6.18673992156982,82.01
Sweden,2008,99.88204193115234,9.55123,6.38263988494873,90.0
Sweden,2009,99.33524322509766,9.34009,6.78425979614258,91.0
Sweden,2010,99.00186920166016,9.53888,6.56318998336792,90.0
Sweden,2011,97.79181671142578,9.2663,6.40655994415283,92.7699860554046
Sweden,2012,99.2811508178711,9.64567,7.57456016540527,93.1799880065108
Sweden,2013,99.46161651611328,11.80923,7.6465802192688,94.7836
Sweden,2014,99.2604522705078,11.93004,7.62924003601074,92.5236065037579
Sweden,2015,99.3150405883789,12.09754,7.49442005157471,90.6101966398616
Sweden,2016,99.68985748291016,12.3537,7.63991022109985,89.6509476102355
Sweden,2017,100.06906127929688,12.23325,7.63849020004272,93.0062669652127
Switzerland,2012,96.8369369506836,10.7542,4.89862012863159,85.2
Switzerland,2013,94.05010986328124,10.44588,4.91392993927002,86.34
Switzerland,2014,96.47811889648438,10.10462,4.93057012557983,83.6172512621702
Switzerland,2016,94.90242767333984,10.13562,4.98164987564087,89.1346877351392
Switzerland,2017,95.3591537475586,9.92873,5.01765012741089,89.6861476710225
Syrian Arab Republic,1996,92.52388763427734,23.54409,3.699049949646,0.0
Syrian Arab Republic,2001,93.19036102294922,24.11964,4.54640007019043,0.353759130007247
Syrian Arab Republic,2002,95.03710174560548,25.32848,5.26983976364136,2.09310101861765
Tajikistan,1999,90.2898178100586,21.98287,2.07651996612549,0.0328
Tajikistan,2000,92.54886627197266,21.84551,2.32871007919311,0.048599594582182
Tajikistan,2001,94.94232940673828,21.7869,2.37659001350403,0.0512591325352927
Tajikistan,2002,96.3629913330078,21.78474,2.77578997612,0.0554628269910006
Tajikistan,2003,96.01509857177734,22.3594,2.42078995704651,0.0645837771508553
Tajikistan,2004,92.73686981201172,21.51849,2.77203011512756,0.0774799071356825
Tajikistan,2005,98.5595474243164,21.32679,3.51213002204895,0.298690023682825
Tajikistan,2006,101.44497680664062,22.17816,3.40350008010864,3.77240620666448
Tajikistan,2007,93.84010314941406,21.60943,3.41326999664307,7.19761951797855
Tajikistan,2008,96.3792724609375,22.67432,3.45983004570007,8.78
Tajikistan,2009,97.10030364990234,23.24594,4.0983099937439,10.07
Tajikistan,2010,101.16649627685548,25.18145,4.00675010681152,11.55000019
Tajikistan,2011,96.85761260986328,23.27456,3.93511009216309,13.02999973
Tajikistan,2012,90.3670425415039,23.00472,4.01803016662598,14.51000023
Tajikistan,2014,90.57640075683594,22.3589,5.59398898966753,17.48999977
Tajikistan,2015,92.2054214477539,22.28986,4.96774005889893,18.97999954
Tajikistan,2016,89.63214111328125,22.19159,5.73094142576332,20.46999931
Tajikistan,2017,90.25110626220705,22.30051,5.54471764262202,21.95999908
Tanzania,1997,58.08454895019531,36.91207,1.69306004047394,0.0078999999999999
Tanzania,1998,48.35926818847656,38.01943,1.49838995933533,0.00924
Tanzania,2004,59.13045120239258,58.27379,3.56245994567871,0.87757497099259
Tanzania,2005,56.18106842041016,55.85542,3.54747009277344,1.100000024
Tanzania,2006,73.65602111816406,52.40834,3.00991988182068,1.299999952
Tanzania,2007,85.6137924194336,53.08766,4.0334300994873,1.6
Tanzania,2009,105.14775848388672,53.70457,3.96075010299683,2.400000095
Tanzania,2010,90.46712493896484,50.76274,4.54169988632202,2.900000095
Tanzania,2012,81.38185119628906,45.83178,4.22964300342458,3.950000048
Tanzania,2013,76.62068939208984,43.44315,4.63769446369719,4.400000095
Tanzania,2016,60.75336837768555,41.76673,4.10196721791864,13.5042328468919
Tanzania,2017,66.67028045654297,47.15284,4.43052005767822,14.46339989
Tanzania,2018,66.62596893310547,50.63304,3.69962000846863,15.49069977
Thailand,1999,87.64466094970703,20.56669,4.83267021179199,2.43
Thailand,2000,85.69365692138672,20.79357,5.25345993041992,3.68904127944164
Thailand,2001,86.71739196777344,19.08866,4.81787014007568,5.55632612097332
Thailand,2017,98.3369598388672,16.88809,3.46532147640365,52.8919293439676
Thailand,2018,99.13101196289062,16.63844,3.19769395901619,56.8174809301456
Timor-Leste,2009,83.44554138183594,29.77684,12.9024801254272,2.0
Timor-Leste,2010,78.88600158691406,30.19877,11.1065797805786,3.0
Timor-Leste,2011,81.54864501953125,31.35481,10.1935195922852,4.0
Timor-Leste,2017,97.00253295898438,27.65483,7.17093992233276,24.20000076
Timor-Leste,2018,100.59712982177734,26.94886,6.848060131073,27.60000038
Togo,1992,36.43714141845703,63.78768,4.01865005493164,0.0
Togo,1996,48.285919189453125,50.84948,3.12452006340027,0.0109
Togo,1999,57.40851974487305,41.28126,2.96396994590759,0.59
Togo,2000,66.56757354736328,37.45983,2.77644991874695,0.8
Togo,2001,73.11347198486328,34.33866,2.66750001907349,0.9
Togo,2003,72.18340301513672,35.45168,2.35525989532471,1.2
Togo,2004,73.61625671386719,39.08429,2.20198011398315,1.5
Togo,2005,72.64302825927734,33.59536,2.23748993873596,1.799999952
Togo,2006,72.09069061279297,37.56283,2.43236994743347,2.0
Togo,2008,65.18257904052734,41.32555,2.38472008705139,2.400000095
Togo,2009,64.66935729980469,43.50925,2.76807999610901,2.599999905
Togo,2010,68.76515197753906,40.57306,2.95976996421814,3.0
Togo,2011,70.2357406616211,40.94767,3.07750010490417,3.5
Togo,2012,73.79974365234375,41.67781,3.37651991844177,4.0
Togo,2013,77.31938171386719,41.08672,3.17475008964539,4.5
Togo,2014,83.57514190673828,41.13664,3.4237699508667,5.699999809
Togo,2016,93.8200225830078,41.39676,3.6624801158905,11.31000042
Togo,2017,92.5531997680664,40.12613,3.76526999473572,12.3602249692905
Togo,2018,90.13722229003906,40.14504,4.09162998199463,15.5
Tonga,1998,99.31062316894533,21.8883,5.51712989807129,0.765
Tonga,1999,101.23812866210938,20.90037,5.38055992126465,1.02
Tonga,2001,101.61991119384766,20.69623,4.47756004333496,2.82537183911525
Trinidad and Tobago,1996,89.06391143798828,25.49342,3.24876999855042,0.393
Trinidad and Tobago,1997,87.15489959716797,24.76132,3.3252100944519,1.17
Trinidad and Tobago,1999,96.72567749023438,21.32821,2.75611996650696,5.81
Trinidad and Tobago,2000,91.44734191894533,20.75006,2.75565004348755,7.72141147401745
Trinidad and Tobago,2001,86.5502700805664,19.75159,3.06528997421265,15.384627218944
Trinidad and Tobago,2003,88.88258361816406,18.50138,3.13660001754761,25.9717641091609
Tunisia,1990,76.07051849365234,29.68811,5.79086017608643,0.0
Tunisia,1994,76.88961029052734,26.29072,6.17646980285645,0.00738
Tunisia,1995,86.22989654541016,25.22658,6.42975997924805,0.0112
Tunisia,1996,82.77986145019531,24.5295,6.2878098487854,0.0276
Tunisia,1997,84.58660125732422,24.1413,6.67902994155884,0.0437
Tunisia,1999,84.67707824707031,23.86149,6.27098989486694,1.6
Tunisia,2000,85.73448181152344,23.21045,6.20196008682251,2.75074029298135
Tunisia,2001,88.56593322753906,22.69378,6.20184993743896,4.29796603474685
Tunisia,2002,91.1300277709961,21.89225,5.79006004333496,5.25288729548421
Tunisia,2003,93.24610900878906,21.53775,6.81675004959106,6.49084579532797
Tunisia,2004,95.14109802246094,20.60639,6.72078990936279,8.52881775162591
Tunisia,2005,96.82456970214844,19.98753,6.4515700340271,9.655099869
Tunisia,2007,97.73895263671876,18.15286,6.46451997756958,17.1
Tunisia,2008,89.09623718261719,17.28071,6.27157020568848,27.53
Tunisia,2009,86.70066833496094,16.97824,6.528480052948,34.07
Tunisia,2010,98.0381317138672,17.11543,5.96306991577148,36.8
Tunisia,2015,97.2605209350586,15.79669,6.22044992446899,46.4999943435776
Uganda,2004,57.26232147216797,50.08651,4.95237016677856,0.719970679914031
Uganda,2010,55.56892013549805,48.576,1.72739994525909,4.300000191
Uganda,2011,53.96749877929688,47.77601,2.29890990257263,4.599999905
Uganda,2012,55.12585067749024,48.80484,1.79746997356415,4.800000191
Uganda,2013,55.44071960449219,45.59109,1.87114000320435,5.099999905
Uganda,2015,53.32011795043945,42.9168,2.32152009010315,5.699999809
Uganda,2016,54.77856063842773,42.72062,2.13789010047913,5.9
Uganda,2017,52.97032165527344,42.65911,2.25362992286682,7.417900085
Ukraine,1998,97.3570327758789,20.8617,4.44884014129639,0.301
Ukraine,1999,98.52960968017578,20.48241,3.61807990074158,0.4049999999999999
Ukraine,2000,95.31072235107422,19.88406,4.02293014526367,0.716183762031043
Ukraine,2001,98.34967803955078,19.58976,4.52568006515503,1.23875954748114
Ukraine,2002,101.568359375,19.46268,5.24006986618042,1.87388511643427
Ukraine,2005,119.9717788696289,18.70376,5.84819984436035,3.749799967
Ukraine,2006,105.40045166015624,17.12453,5.97945976257324,4.50612456357379
Ukraine,2007,104.31494903564452,16.33813,5.90244007110596,6.55
Ukraine,2008,101.21824645996094,15.81651,6.15242004394531,11.0
Ukraine,2009,100.12883758544922,15.58278,7.05074977874756,17.9
Ukraine,2011,101.3077392578125,15.83346,5.93769979476929,28.7082628400713
Ukraine,2012,97.30905151367188,16.08657,6.44267988204956,35.27
Ukraine,2013,98.62476348876952,16.48785,6.41987991333008,40.954128997
Ukraine,2015,88.57595825195312,12.38447,5.33951727495092,48.8846436813218
Ukraine,2016,86.16045379638672,12.75838,5.00976991653442,53.0009695981884
Ukraine,2017,87.53417205810547,12.99453,5.41706991195679,58.8894794459775
Ukraine,2018,83.90885925292969,12.98011,5.3199200630188,62.5531553933869
United Kingdom,2016,98.50179290771484,15.05392,5.42795991897583,94.7758006318882
United Kingdom,2017,98.43099212646484,15.13275,5.45254993438721,90.4245504868553
United States,2017,98.83219909667967,14.19857,5.09296989440918,87.2748891687657
Upper middle income,2005,95.2067413330078,20.16691,4.02250504493713,10.2
Upper middle income,2006,93.89746856689452,19.94994,4.05038022994995,12.5
Upper middle income,2007,96.3160171508789,19.59169,4.06591010093689,16.6
Upper middle income,2008,100.47727966308594,19.34271,3.948650002479555,21.2
Upper middle income,2009,100.69638061523438,19.09353,4.65950012207031,25.8
Upper middle income,2010,100.63829803466795,18.78234,4.04807996749878,30.6
Upper middle income,2011,99.80133056640624,18.72064,4.22150993347168,34.5
Upper middle income,2012,98.08917236328124,18.67235,4.38721990585327,38.3
Upper middle income,2013,98.77806091308594,18.7395,4.34479999542236,41.4
Upper middle income,2014,96.20697021484376,18.31817,4.5210149288177455,44.3
Upper middle income,2015,94.4021987915039,18.32687,4.264559984207155,47.9
Upper middle income,2016,96.32122802734376,18.46745,4.46397668804552,53.3
Upper middle income,2017,95.66409301757812,18.47165,4.06898021697998,57.7
Upper middle income,2018,95.61461639404295,18.39381,4.033967367214945,62.2
Uruguay,1994,94.0506362915039,21.39486,2.27171993255615,0.0625
Uruguay,1995,94.1218032836914,20.08104,2.521399974823,0.31
Uruguay,1996,95.4029312133789,20.4869,2.86985993385315,1.85
Uruguay,1998,97.47444915771484,20.6103,2.24337005615234,6.99
Uruguay,2000,97.1801528930664,20.75667,2.42254996299744,10.5390577480141
Uruguay,2001,96.1854476928711,20.77524,2.80096006393433,11.1214376832783
Uruguay,2002,96.84938049316406,21.1696,2.32220005989075,11.4194701966853
Uruguay,2003,94.54737091064452,20.82538,2.0682098865509,15.9371367159756
Uruguay,2004,94.46302032470705,20.53409,2.49954009056091,17.0630983403661
Uruguay,2005,95.60037994384766,20.15194,2.71476006507873,20.0881895579305
Uruguay,2006,97.118896484375,19.64452,2.85664010047913,29.39999962
Uruguay,2013,100.56448364257812,11.9642,4.23893022537231,57.69
Uruguay,2014,100.99762725830078,11.46753,4.26735019683838,61.4624951684405
Uruguay,2015,100.72186279296876,11.76053,4.20636987686157,64.5707870971624
Uruguay,2016,102.39283752441406,11.13129,4.36420011520386,66.40000153
Uruguay,2017,97.16676330566406,11.0193,4.41787004470825,70.3223543994698
Uzbekistan,2013,93.44075012207033,15.64401,5.74191999435425,26.79999924
Uzbekistan,2014,96.423583984375,18.12079,5.71325016021729,35.5
Uzbekistan,2015,93.80388641357422,19.03192,5.49444007873535,42.79999924
Uzbekistan,2016,97.40608215332033,20.42443,5.38089990615845,46.79130173
Uzbekistan,2017,98.28800201416016,21.15014,4.48249006271362,48.6999988524556
Uzbekistan,2018,97.0923080444336,21.50664,4.83589298172277,55.2000006732722
Vanuatu,1998,88.0401382446289,28.87899,7.64104986190796,0.2739999999999999
Vanuatu,2000,83.86656188964844,22.54994,7.0036301612854,2.10833689115184
Vanuatu,2001,96.42241668701172,23.73585,8.95114994049072,2.83057223877678
West Bank and Gaza,2010,96.64544677734376,27.80112,6.19167995452881,37.40000153
West Bank and Gaza,2011,91.95211029052734,25.64319,5.33527994155884,41.08000183
West Bank and Gaza,2012,90.82878875732422,24.40835,4.74210977554321,43.4
West Bank and Gaza,2013,94.03433990478516,23.5944,4.89467000961304,46.59999847
West Bank and Gaza,2015,95.92949676513672,23.99819,4.66321992874146,56.70000076
West Bank and Gaza,2016,94.80651092529295,23.84715,4.98296022415161,59.90000153
West Bank and Gaza,2017,99.01937866210938,24.72816,4.72153997421265,63.29999924
World,2005,85.71617126464844,25.24855,4.02098989486694,15.6
World,2006,86.07319641113281,25.14194,3.9919849634170497,17.2
World,2007,87.337890625,25.04689,4.04881000518799,20.2
World,2008,89.1607666015625,24.97171,4.22755002975464,22.8
World,2009,90.06819915771484,24.68045,4.65950012207031,25.3
World,2010,89.84519958496094,24.31042,4.18953990936279,28.4
World,2011,89.19880676269531,24.11758,4.06764507293701,30.9
World,2012,89.11408996582031,24.19696,4.03481006622315,33.3
World,2013,88.97335052490234,23.55038,4.34479999542236,35.3
World,2014,88.77726745605469,23.29472,4.20045018196106,37.4
World,2015,88.44808197021484,23.10596,4.21141505241394,39.9
World,2016,89.0423812866211,23.44392,4.154150009155275,43.6
World,2017,88.87133026123047,23.38904,4.09265494346619,46.3
World,2018,88.98174285888672,23.44631,4.182930231094365,49.4
Zambia,1998,65.67730712890625,44.0078,2.11823010444641,0.0302
Zambia,1999,63.09220886230469,51.22681,1.77495002746582,0.147
Zambia,2000,60.545021057128906,49.87587,1.78819000720978,0.191071642503428
Zambia,2004,70.98799133300781,53.54891,2.46342992782593,1.1
Zambia,2005,82.18502807617188,56.47904,1.73553001880646,1.299999952
Zambia,2007,87.12618255615234,55.35345,1.24075996875763,1.899999976
Zambia,2008,91.15055084228516,54.17641,1.0997200012207,2.200000048
Zambia,2010,99.27413940429688,52.98507,3.41600445393739,3.0
Zambia,2012,90.35841369628906,49.22433,3.69500242842903,4.099999905
Zimbabwe,2012,88.43437957763672,35.86109,6.07021391405834,12.0
Zimbabwe,2013,88.17015075683594,36.4082,5.99598135667974,15.5
